scenario_id,elapsed_s,expected_demo_state,truth_location
P01,0,COLLECTING,stomach
P01,0.2,COLLECTING,stomach
P01,0.4,COLLECTING,stomach
P01,0.6,COLLECTING,stomach
P01,0.8,COLLECTING,stomach
P01,1,COLLECTING,stomach
P01,1.2,COLLECTING,stomach
P01,1.4,COLLECTING,stomach
P01,1.6,COLLECTING,stomach
P01,1.8,COLLECTING,stomach
P01,2,COLLECTING,stomach
P01,2.2,COLLECTING,stomach
P01,2.4,COLLECTING,stomach
P01,2.6,COLLECTING,stomach
P01,2.8,COLLECTING,stomach
P01,3,COLLECTING,stomach
P01,3.2,COLLECTING,stomach
P01,3.4,COLLECTING,stomach
P01,3.6,COLLECTING,stomach
P01,3.8,COLLECTING,stomach
P01,4,COLLECTING,stomach
P01,4.2,COLLECTING,stomach
P01,4.4,COLLECTING,stomach
P01,4.6,COLLECTING,stomach
P01,4.8,COLLECTING,stomach
P01,5,COLLECTING,stomach
P01,5.2,COLLECTING,stomach
P01,5.4,COLLECTING,stomach
P01,5.6,COLLECTING,stomach
P01,5.8,COLLECTING,stomach
P01,6,COLLECTING,stomach
P01,6.2,COLLECTING,stomach
P01,6.4,COLLECTING,stomach
P01,6.6,COLLECTING,stomach
P01,6.8,COLLECTING,stomach
P01,7,COLLECTING,stomach
P01,7.2,COLLECTING,stomach
P01,7.4,COLLECTING,stomach
P01,7.6,COLLECTING,stomach
P01,7.8,COLLECTING,stomach
P01,8,COLLECTING,stomach
P01,8.2,COLLECTING,stomach
P01,8.4,COLLECTING,stomach
P01,8.6,COLLECTING,stomach
P01,8.8,COLLECTING,stomach
P01,9,COLLECTING,stomach
P01,9.2,COLLECTING,stomach
P01,9.4,COLLECTING,stomach
P01,9.6,COLLECTING,stomach
P01,9.8,GASTRIC_COMPATIBLE,stomach
P01,10,GASTRIC_COMPATIBLE,stomach
P01,10.2,GASTRIC_COMPATIBLE,stomach
P01,10.4,GASTRIC_COMPATIBLE,stomach
P01,10.6,GASTRIC_COMPATIBLE,stomach
P01,10.8,GASTRIC_COMPATIBLE,stomach
P01,11,GASTRIC_COMPATIBLE,stomach
P01,11.2,GASTRIC_COMPATIBLE,stomach
P01,11.4,GASTRIC_COMPATIBLE,stomach
P01,11.6,GASTRIC_COMPATIBLE,stomach
P01,11.8,GASTRIC_COMPATIBLE,stomach
P01,12,GASTRIC_COMPATIBLE,stomach
P01,12.2,GASTRIC_COMPATIBLE,stomach
P01,12.4,GASTRIC_COMPATIBLE,stomach
P01,12.6,GASTRIC_COMPATIBLE,stomach
P01,12.8,GASTRIC_COMPATIBLE,stomach
P01,13,GASTRIC_COMPATIBLE,stomach
P01,13.2,GASTRIC_COMPATIBLE,stomach
P01,13.4,GASTRIC_COMPATIBLE,stomach
P01,13.6,GASTRIC_COMPATIBLE,stomach
P01,13.8,GASTRIC_COMPATIBLE,stomach
P01,14,GASTRIC_COMPATIBLE,stomach
P01,14.2,GASTRIC_COMPATIBLE,stomach
P01,14.4,GASTRIC_COMPATIBLE,stomach
P01,14.6,GASTRIC_COMPATIBLE,stomach
P01,14.8,GASTRIC_COMPATIBLE,stomach
P01,15,GASTRIC_COMPATIBLE,stomach
P01,15.2,GASTRIC_COMPATIBLE,stomach
P01,15.4,GASTRIC_COMPATIBLE,stomach
P01,15.6,GASTRIC_COMPATIBLE,stomach
P01,15.8,GASTRIC_COMPATIBLE,stomach
P01,16,GASTRIC_COMPATIBLE,stomach
P01,16.2,GASTRIC_COMPATIBLE,stomach
P01,16.4,GASTRIC_COMPATIBLE,stomach
P01,16.6,GASTRIC_COMPATIBLE,stomach
P01,16.8,GASTRIC_COMPATIBLE,stomach
P01,17,GASTRIC_COMPATIBLE,stomach
P01,17.2,GASTRIC_COMPATIBLE,stomach
P01,17.4,GASTRIC_COMPATIBLE,stomach
P01,17.6,GASTRIC_COMPATIBLE,stomach
P01,17.8,GASTRIC_COMPATIBLE,stomach
P01,18,GASTRIC_COMPATIBLE,stomach
P01,18.2,GASTRIC_COMPATIBLE,stomach
P01,18.4,GASTRIC_COMPATIBLE,stomach
P01,18.6,GASTRIC_COMPATIBLE,stomach
P01,18.8,GASTRIC_COMPATIBLE,stomach
P01,19,GASTRIC_COMPATIBLE,stomach
P01,19.2,GASTRIC_COMPATIBLE,stomach
P01,19.4,GASTRIC_COMPATIBLE,stomach
P01,19.6,GASTRIC_COMPATIBLE,stomach
P01,19.8,GASTRIC_COMPATIBLE,stomach
P01,20,GASTRIC_COMPATIBLE,stomach
P01,20.2,GASTRIC_COMPATIBLE,stomach
P01,20.4,GASTRIC_COMPATIBLE,stomach
P01,20.6,GASTRIC_COMPATIBLE,stomach
P01,20.8,GASTRIC_COMPATIBLE,stomach
P01,21,GASTRIC_COMPATIBLE,stomach
P01,21.2,GASTRIC_COMPATIBLE,stomach
P01,21.4,GASTRIC_COMPATIBLE,stomach
P01,21.6,GASTRIC_COMPATIBLE,stomach
P01,21.8,GASTRIC_COMPATIBLE,stomach
P01,22,GASTRIC_COMPATIBLE,stomach
P01,22.2,GASTRIC_COMPATIBLE,stomach
P01,22.4,GASTRIC_COMPATIBLE,stomach
P01,22.6,GASTRIC_COMPATIBLE,stomach
P01,22.8,GASTRIC_COMPATIBLE,stomach
P01,23,GASTRIC_COMPATIBLE,stomach
P01,23.2,GASTRIC_COMPATIBLE,stomach
P01,23.4,GASTRIC_COMPATIBLE,stomach
P01,23.6,GASTRIC_COMPATIBLE,stomach
P01,23.8,GASTRIC_COMPATIBLE,stomach
P01,24,GASTRIC_COMPATIBLE,stomach
P01,24.2,GASTRIC_COMPATIBLE,stomach
P01,24.4,GASTRIC_COMPATIBLE,stomach
P01,24.6,GASTRIC_COMPATIBLE,stomach
P01,24.8,GASTRIC_COMPATIBLE,stomach
P01,25,GASTRIC_COMPATIBLE,stomach
P01,25.2,GASTRIC_COMPATIBLE,stomach
P01,25.4,GASTRIC_COMPATIBLE,stomach
P01,25.6,GASTRIC_COMPATIBLE,stomach
P01,25.8,GASTRIC_COMPATIBLE,stomach
P01,26,GASTRIC_COMPATIBLE,stomach
P01,26.2,GASTRIC_COMPATIBLE,stomach
P01,26.4,GASTRIC_COMPATIBLE,stomach
P01,26.6,GASTRIC_COMPATIBLE,stomach
P01,26.8,GASTRIC_COMPATIBLE,stomach
P01,27,GASTRIC_COMPATIBLE,stomach
P01,27.2,GASTRIC_COMPATIBLE,stomach
P01,27.4,GASTRIC_COMPATIBLE,stomach
P01,27.6,GASTRIC_COMPATIBLE,stomach
P01,27.8,GASTRIC_COMPATIBLE,stomach
P01,28,GASTRIC_COMPATIBLE,stomach
P01,28.2,GASTRIC_COMPATIBLE,stomach
P01,28.4,GASTRIC_COMPATIBLE,stomach
P01,28.6,GASTRIC_COMPATIBLE,stomach
P01,28.8,GASTRIC_COMPATIBLE,stomach
P01,29,GASTRIC_COMPATIBLE,stomach
P01,29.2,GASTRIC_COMPATIBLE,stomach
P01,29.4,GASTRIC_COMPATIBLE,stomach
P01,29.6,GASTRIC_COMPATIBLE,stomach
P01,29.8,GASTRIC_COMPATIBLE,stomach
P01,30,GASTRIC_COMPATIBLE,stomach
P01,30.2,GASTRIC_COMPATIBLE,stomach
P01,30.4,GASTRIC_COMPATIBLE,stomach
P01,30.6,GASTRIC_COMPATIBLE,stomach
P01,30.8,GASTRIC_COMPATIBLE,stomach
P01,31,GASTRIC_COMPATIBLE,stomach
P01,31.2,GASTRIC_COMPATIBLE,stomach
P01,31.4,GASTRIC_COMPATIBLE,stomach
P01,31.6,GASTRIC_COMPATIBLE,stomach
P01,31.8,GASTRIC_COMPATIBLE,stomach
P01,32,GASTRIC_COMPATIBLE,stomach
P01,32.2,GASTRIC_COMPATIBLE,stomach
P01,32.4,GASTRIC_COMPATIBLE,stomach
P01,32.6,GASTRIC_COMPATIBLE,stomach
P01,32.8,GASTRIC_COMPATIBLE,stomach
P01,33,GASTRIC_COMPATIBLE,stomach
P01,33.2,GASTRIC_COMPATIBLE,stomach
P01,33.4,GASTRIC_COMPATIBLE,stomach
P01,33.6,GASTRIC_COMPATIBLE,stomach
P01,33.8,GASTRIC_COMPATIBLE,stomach
P01,34,GASTRIC_COMPATIBLE,stomach
P01,34.2,GASTRIC_COMPATIBLE,stomach
P01,34.4,GASTRIC_COMPATIBLE,stomach
P01,34.6,GASTRIC_COMPATIBLE,stomach
P01,34.8,GASTRIC_COMPATIBLE,stomach
P01,35,GASTRIC_COMPATIBLE,stomach
P01,35.2,GASTRIC_COMPATIBLE,stomach
P01,35.4,GASTRIC_COMPATIBLE,stomach
P01,35.6,GASTRIC_COMPATIBLE,stomach
P01,35.8,GASTRIC_COMPATIBLE,stomach
P01,36,GASTRIC_COMPATIBLE,stomach
P01,36.2,GASTRIC_COMPATIBLE,stomach
P01,36.4,GASTRIC_COMPATIBLE,stomach
P01,36.6,GASTRIC_COMPATIBLE,stomach
P01,36.8,GASTRIC_COMPATIBLE,stomach
P01,37,GASTRIC_COMPATIBLE,stomach
P01,37.2,GASTRIC_COMPATIBLE,stomach
P01,37.4,GASTRIC_COMPATIBLE,stomach
P01,37.6,GASTRIC_COMPATIBLE,stomach
P01,37.8,GASTRIC_COMPATIBLE,stomach
P01,38,GASTRIC_COMPATIBLE,stomach
P01,38.2,GASTRIC_COMPATIBLE,stomach
P01,38.4,GASTRIC_COMPATIBLE,stomach
P01,38.6,GASTRIC_COMPATIBLE,stomach
P01,38.8,GASTRIC_COMPATIBLE,stomach
P01,39,GASTRIC_COMPATIBLE,stomach
P01,39.2,GASTRIC_COMPATIBLE,stomach
P01,39.4,GASTRIC_COMPATIBLE,stomach
P01,39.6,GASTRIC_COMPATIBLE,stomach
P01,39.8,GASTRIC_COMPATIBLE,stomach
P01,40,GASTRIC_COMPATIBLE,stomach
P01,40.2,GASTRIC_COMPATIBLE,stomach
P01,40.4,GASTRIC_COMPATIBLE,stomach
P01,40.6,GASTRIC_COMPATIBLE,stomach
P01,40.8,GASTRIC_COMPATIBLE,stomach
P01,41,GASTRIC_COMPATIBLE,stomach
P01,41.2,GASTRIC_COMPATIBLE,stomach
P01,41.4,GASTRIC_COMPATIBLE,stomach
P01,41.6,GASTRIC_COMPATIBLE,stomach
P01,41.8,GASTRIC_COMPATIBLE,stomach
P01,42,GASTRIC_COMPATIBLE,stomach
P01,42.2,GASTRIC_COMPATIBLE,stomach
P01,42.4,GASTRIC_COMPATIBLE,stomach
P01,42.6,GASTRIC_COMPATIBLE,stomach
P01,42.8,GASTRIC_COMPATIBLE,stomach
P01,43,GASTRIC_COMPATIBLE,stomach
P01,43.2,GASTRIC_COMPATIBLE,stomach
P01,43.4,GASTRIC_COMPATIBLE,stomach
P01,43.6,GASTRIC_COMPATIBLE,stomach
P01,43.8,GASTRIC_COMPATIBLE,stomach
P01,44,GASTRIC_COMPATIBLE,stomach
P01,44.2,GASTRIC_COMPATIBLE,stomach
P01,44.4,GASTRIC_COMPATIBLE,stomach
P01,44.6,GASTRIC_COMPATIBLE,stomach
P01,44.8,GASTRIC_COMPATIBLE,stomach
P02,0,COLLECTING,airway
P02,0.2,COLLECTING,airway
P02,0.4,COLLECTING,airway
P02,0.6,COLLECTING,airway
P02,0.8,COLLECTING,airway
P02,1,COLLECTING,airway
P02,1.2,COLLECTING,airway
P02,1.4,COLLECTING,airway
P02,1.6,COLLECTING,airway
P02,1.8,COLLECTING,airway
P02,2,COLLECTING,airway
P02,2.2,COLLECTING,airway
P02,2.4,COLLECTING,airway
P02,2.6,COLLECTING,airway
P02,2.8,COLLECTING,airway
P02,3,COLLECTING,airway
P02,3.2,COLLECTING,airway
P02,3.4,COLLECTING,airway
P02,3.6,COLLECTING,airway
P02,3.8,COLLECTING,airway
P02,4,COLLECTING,airway
P02,4.2,COLLECTING,airway
P02,4.4,COLLECTING,airway
P02,4.6,COLLECTING,airway
P02,4.8,COLLECTING,airway
P02,5,COLLECTING,airway
P02,5.2,COLLECTING,airway
P02,5.4,COLLECTING,airway
P02,5.6,COLLECTING,airway
P02,5.8,COLLECTING,airway
P02,6,COLLECTING,airway
P02,6.2,COLLECTING,airway
P02,6.4,COLLECTING,airway
P02,6.6,COLLECTING,airway
P02,6.8,COLLECTING,airway
P02,7,COLLECTING,airway
P02,7.2,COLLECTING,airway
P02,7.4,COLLECTING,airway
P02,7.6,COLLECTING,airway
P02,7.8,COLLECTING,airway
P02,8,COLLECTING,airway
P02,8.2,COLLECTING,airway
P02,8.4,COLLECTING,airway
P02,8.6,COLLECTING,airway
P02,8.8,COLLECTING,airway
P02,9,COLLECTING,airway
P02,9.2,COLLECTING,airway
P02,9.4,COLLECTING,airway
P02,9.6,COLLECTING,airway
P02,9.8,POSSIBLE_AIRWAY,airway
P02,10,POSSIBLE_AIRWAY,airway
P02,10.2,POSSIBLE_AIRWAY,airway
P02,10.4,POSSIBLE_AIRWAY,airway
P02,10.6,POSSIBLE_AIRWAY,airway
P02,10.8,POSSIBLE_AIRWAY,airway
P02,11,POSSIBLE_AIRWAY,airway
P02,11.2,POSSIBLE_AIRWAY,airway
P02,11.4,POSSIBLE_AIRWAY,airway
P02,11.6,POSSIBLE_AIRWAY,airway
P02,11.8,POSSIBLE_AIRWAY,airway
P02,12,POSSIBLE_AIRWAY,airway
P02,12.2,POSSIBLE_AIRWAY,airway
P02,12.4,POSSIBLE_AIRWAY,airway
P02,12.6,POSSIBLE_AIRWAY,airway
P02,12.8,POSSIBLE_AIRWAY,airway
P02,13,POSSIBLE_AIRWAY,airway
P02,13.2,POSSIBLE_AIRWAY,airway
P02,13.4,POSSIBLE_AIRWAY,airway
P02,13.6,POSSIBLE_AIRWAY,airway
P02,13.8,POSSIBLE_AIRWAY,airway
P02,14,POSSIBLE_AIRWAY,airway
P02,14.2,POSSIBLE_AIRWAY,airway
P02,14.4,POSSIBLE_AIRWAY,airway
P02,14.6,POSSIBLE_AIRWAY,airway
P02,14.8,POSSIBLE_AIRWAY,airway
P02,15,POSSIBLE_AIRWAY,airway
P02,15.2,POSSIBLE_AIRWAY,airway
P02,15.4,POSSIBLE_AIRWAY,airway
P02,15.6,POSSIBLE_AIRWAY,airway
P02,15.8,POSSIBLE_AIRWAY,airway
P02,16,POSSIBLE_AIRWAY,airway
P02,16.2,POSSIBLE_AIRWAY,airway
P02,16.4,POSSIBLE_AIRWAY,airway
P02,16.6,POSSIBLE_AIRWAY,airway
P02,16.8,POSSIBLE_AIRWAY,airway
P02,17,POSSIBLE_AIRWAY,airway
P02,17.2,POSSIBLE_AIRWAY,airway
P02,17.4,POSSIBLE_AIRWAY,airway
P02,17.6,POSSIBLE_AIRWAY,airway
P02,17.8,POSSIBLE_AIRWAY,airway
P02,18,POSSIBLE_AIRWAY,airway
P02,18.2,POSSIBLE_AIRWAY,airway
P02,18.4,POSSIBLE_AIRWAY,airway
P02,18.6,POSSIBLE_AIRWAY,airway
P02,18.8,POSSIBLE_AIRWAY,airway
P02,19,POSSIBLE_AIRWAY,airway
P02,19.2,POSSIBLE_AIRWAY,airway
P02,19.4,POSSIBLE_AIRWAY,airway
P02,19.6,POSSIBLE_AIRWAY,airway
P02,19.8,POSSIBLE_AIRWAY,airway
P02,20,POSSIBLE_AIRWAY,airway
P02,20.2,POSSIBLE_AIRWAY,airway
P02,20.4,POSSIBLE_AIRWAY,airway
P02,20.6,POSSIBLE_AIRWAY,airway
P02,20.8,POSSIBLE_AIRWAY,airway
P02,21,POSSIBLE_AIRWAY,airway
P02,21.2,POSSIBLE_AIRWAY,airway
P02,21.4,POSSIBLE_AIRWAY,airway
P02,21.6,POSSIBLE_AIRWAY,airway
P02,21.8,POSSIBLE_AIRWAY,airway
P02,22,POSSIBLE_AIRWAY,airway
P02,22.2,POSSIBLE_AIRWAY,airway
P02,22.4,POSSIBLE_AIRWAY,airway
P02,22.6,POSSIBLE_AIRWAY,airway
P02,22.8,POSSIBLE_AIRWAY,airway
P02,23,POSSIBLE_AIRWAY,airway
P02,23.2,POSSIBLE_AIRWAY,airway
P02,23.4,POSSIBLE_AIRWAY,airway
P02,23.6,POSSIBLE_AIRWAY,airway
P02,23.8,POSSIBLE_AIRWAY,airway
P02,24,POSSIBLE_AIRWAY,airway
P02,24.2,POSSIBLE_AIRWAY,airway
P02,24.4,POSSIBLE_AIRWAY,airway
P02,24.6,POSSIBLE_AIRWAY,airway
P02,24.8,POSSIBLE_AIRWAY,airway
P02,25,POSSIBLE_AIRWAY,airway
P02,25.2,POSSIBLE_AIRWAY,airway
P02,25.4,POSSIBLE_AIRWAY,airway
P02,25.6,POSSIBLE_AIRWAY,airway
P02,25.8,POSSIBLE_AIRWAY,airway
P02,26,POSSIBLE_AIRWAY,airway
P02,26.2,POSSIBLE_AIRWAY,airway
P02,26.4,POSSIBLE_AIRWAY,airway
P02,26.6,POSSIBLE_AIRWAY,airway
P02,26.8,POSSIBLE_AIRWAY,airway
P02,27,POSSIBLE_AIRWAY,airway
P02,27.2,POSSIBLE_AIRWAY,airway
P02,27.4,POSSIBLE_AIRWAY,airway
P02,27.6,POSSIBLE_AIRWAY,airway
P02,27.8,POSSIBLE_AIRWAY,airway
P02,28,POSSIBLE_AIRWAY,airway
P02,28.2,POSSIBLE_AIRWAY,airway
P02,28.4,POSSIBLE_AIRWAY,airway
P02,28.6,POSSIBLE_AIRWAY,airway
P02,28.8,POSSIBLE_AIRWAY,airway
P02,29,POSSIBLE_AIRWAY,airway
P02,29.2,POSSIBLE_AIRWAY,airway
P02,29.4,POSSIBLE_AIRWAY,airway
P02,29.6,POSSIBLE_AIRWAY,airway
P02,29.8,POSSIBLE_AIRWAY,airway
P02,30,POSSIBLE_AIRWAY,airway
P02,30.2,POSSIBLE_AIRWAY,airway
P02,30.4,POSSIBLE_AIRWAY,airway
P02,30.6,POSSIBLE_AIRWAY,airway
P02,30.8,POSSIBLE_AIRWAY,airway
P02,31,POSSIBLE_AIRWAY,airway
P02,31.2,POSSIBLE_AIRWAY,airway
P02,31.4,POSSIBLE_AIRWAY,airway
P02,31.6,POSSIBLE_AIRWAY,airway
P02,31.8,POSSIBLE_AIRWAY,airway
P02,32,POSSIBLE_AIRWAY,airway
P02,32.2,POSSIBLE_AIRWAY,airway
P02,32.4,POSSIBLE_AIRWAY,airway
P02,32.6,POSSIBLE_AIRWAY,airway
P02,32.8,POSSIBLE_AIRWAY,airway
P02,33,POSSIBLE_AIRWAY,airway
P02,33.2,POSSIBLE_AIRWAY,airway
P02,33.4,POSSIBLE_AIRWAY,airway
P02,33.6,POSSIBLE_AIRWAY,airway
P02,33.8,POSSIBLE_AIRWAY,airway
P02,34,POSSIBLE_AIRWAY,airway
P02,34.2,POSSIBLE_AIRWAY,airway
P02,34.4,POSSIBLE_AIRWAY,airway
P02,34.6,POSSIBLE_AIRWAY,airway
P02,34.8,POSSIBLE_AIRWAY,airway
P02,35,POSSIBLE_AIRWAY,airway
P02,35.2,POSSIBLE_AIRWAY,airway
P02,35.4,POSSIBLE_AIRWAY,airway
P02,35.6,POSSIBLE_AIRWAY,airway
P02,35.8,POSSIBLE_AIRWAY,airway
P02,36,POSSIBLE_AIRWAY,airway
P02,36.2,POSSIBLE_AIRWAY,airway
P02,36.4,POSSIBLE_AIRWAY,airway
P02,36.6,POSSIBLE_AIRWAY,airway
P02,36.8,POSSIBLE_AIRWAY,airway
P02,37,POSSIBLE_AIRWAY,airway
P02,37.2,POSSIBLE_AIRWAY,airway
P02,37.4,POSSIBLE_AIRWAY,airway
P02,37.6,POSSIBLE_AIRWAY,airway
P02,37.8,POSSIBLE_AIRWAY,airway
P02,38,POSSIBLE_AIRWAY,airway
P02,38.2,POSSIBLE_AIRWAY,airway
P02,38.4,POSSIBLE_AIRWAY,airway
P02,38.6,POSSIBLE_AIRWAY,airway
P02,38.8,POSSIBLE_AIRWAY,airway
P02,39,POSSIBLE_AIRWAY,airway
P02,39.2,POSSIBLE_AIRWAY,airway
P02,39.4,POSSIBLE_AIRWAY,airway
P02,39.6,POSSIBLE_AIRWAY,airway
P02,39.8,POSSIBLE_AIRWAY,airway
P02,40,POSSIBLE_AIRWAY,airway
P02,40.2,POSSIBLE_AIRWAY,airway
P02,40.4,POSSIBLE_AIRWAY,airway
P02,40.6,POSSIBLE_AIRWAY,airway
P02,40.8,POSSIBLE_AIRWAY,airway
P02,41,POSSIBLE_AIRWAY,airway
P02,41.2,POSSIBLE_AIRWAY,airway
P02,41.4,POSSIBLE_AIRWAY,airway
P02,41.6,POSSIBLE_AIRWAY,airway
P02,41.8,POSSIBLE_AIRWAY,airway
P02,42,POSSIBLE_AIRWAY,airway
P02,42.2,POSSIBLE_AIRWAY,airway
P02,42.4,POSSIBLE_AIRWAY,airway
P02,42.6,POSSIBLE_AIRWAY,airway
P02,42.8,POSSIBLE_AIRWAY,airway
P02,43,POSSIBLE_AIRWAY,airway
P02,43.2,POSSIBLE_AIRWAY,airway
P02,43.4,POSSIBLE_AIRWAY,airway
P02,43.6,POSSIBLE_AIRWAY,airway
P02,43.8,POSSIBLE_AIRWAY,airway
P02,44,POSSIBLE_AIRWAY,airway
P02,44.2,POSSIBLE_AIRWAY,airway
P02,44.4,POSSIBLE_AIRWAY,airway
P02,44.6,POSSIBLE_AIRWAY,airway
P02,44.8,POSSIBLE_AIRWAY,airway
P03,0,COLLECTING,oesophagus
P03,0.2,COLLECTING,oesophagus
P03,0.4,COLLECTING,oesophagus
P03,0.6,COLLECTING,oesophagus
P03,0.8,COLLECTING,oesophagus
P03,1,COLLECTING,oesophagus
P03,1.2,COLLECTING,oesophagus
P03,1.4,COLLECTING,oesophagus
P03,1.6,COLLECTING,oesophagus
P03,1.8,COLLECTING,oesophagus
P03,2,COLLECTING,oesophagus
P03,2.2,COLLECTING,oesophagus
P03,2.4,COLLECTING,oesophagus
P03,2.6,COLLECTING,oesophagus
P03,2.8,COLLECTING,oesophagus
P03,3,COLLECTING,oesophagus
P03,3.2,COLLECTING,oesophagus
P03,3.4,COLLECTING,oesophagus
P03,3.6,COLLECTING,oesophagus
P03,3.8,COLLECTING,oesophagus
P03,4,COLLECTING,oesophagus
P03,4.2,COLLECTING,oesophagus
P03,4.4,COLLECTING,oesophagus
P03,4.6,COLLECTING,oesophagus
P03,4.8,COLLECTING,oesophagus
P03,5,COLLECTING,oesophagus
P03,5.2,COLLECTING,oesophagus
P03,5.4,COLLECTING,oesophagus
P03,5.6,COLLECTING,oesophagus
P03,5.8,COLLECTING,oesophagus
P03,6,COLLECTING,oesophagus
P03,6.2,COLLECTING,oesophagus
P03,6.4,COLLECTING,oesophagus
P03,6.6,COLLECTING,oesophagus
P03,6.8,COLLECTING,oesophagus
P03,7,COLLECTING,oesophagus
P03,7.2,COLLECTING,oesophagus
P03,7.4,COLLECTING,oesophagus
P03,7.6,COLLECTING,oesophagus
P03,7.8,COLLECTING,oesophagus
P03,8,COLLECTING,oesophagus
P03,8.2,COLLECTING,oesophagus
P03,8.4,COLLECTING,oesophagus
P03,8.6,COLLECTING,oesophagus
P03,8.8,COLLECTING,oesophagus
P03,9,COLLECTING,oesophagus
P03,9.2,COLLECTING,oesophagus
P03,9.4,COLLECTING,oesophagus
P03,9.6,COLLECTING,oesophagus
P03,9.8,PLACEMENT_UNCERTAIN,oesophagus
P03,10,PLACEMENT_UNCERTAIN,oesophagus
P03,10.2,PLACEMENT_UNCERTAIN,oesophagus
P03,10.4,PLACEMENT_UNCERTAIN,oesophagus
P03,10.6,PLACEMENT_UNCERTAIN,oesophagus
P03,10.8,PLACEMENT_UNCERTAIN,oesophagus
P03,11,PLACEMENT_UNCERTAIN,oesophagus
P03,11.2,PLACEMENT_UNCERTAIN,oesophagus
P03,11.4,PLACEMENT_UNCERTAIN,oesophagus
P03,11.6,PLACEMENT_UNCERTAIN,oesophagus
P03,11.8,PLACEMENT_UNCERTAIN,oesophagus
P03,12,PLACEMENT_UNCERTAIN,oesophagus
P03,12.2,PLACEMENT_UNCERTAIN,oesophagus
P03,12.4,PLACEMENT_UNCERTAIN,oesophagus
P03,12.6,PLACEMENT_UNCERTAIN,oesophagus
P03,12.8,PLACEMENT_UNCERTAIN,oesophagus
P03,13,PLACEMENT_UNCERTAIN,oesophagus
P03,13.2,PLACEMENT_UNCERTAIN,oesophagus
P03,13.4,PLACEMENT_UNCERTAIN,oesophagus
P03,13.6,PLACEMENT_UNCERTAIN,oesophagus
P03,13.8,PLACEMENT_UNCERTAIN,oesophagus
P03,14,PLACEMENT_UNCERTAIN,oesophagus
P03,14.2,PLACEMENT_UNCERTAIN,oesophagus
P03,14.4,PLACEMENT_UNCERTAIN,oesophagus
P03,14.6,PLACEMENT_UNCERTAIN,oesophagus
P03,14.8,PLACEMENT_UNCERTAIN,oesophagus
P03,15,PLACEMENT_UNCERTAIN,oesophagus
P03,15.2,PLACEMENT_UNCERTAIN,oesophagus
P03,15.4,PLACEMENT_UNCERTAIN,oesophagus
P03,15.6,PLACEMENT_UNCERTAIN,oesophagus
P03,15.8,PLACEMENT_UNCERTAIN,oesophagus
P03,16,PLACEMENT_UNCERTAIN,oesophagus
P03,16.2,PLACEMENT_UNCERTAIN,oesophagus
P03,16.4,PLACEMENT_UNCERTAIN,oesophagus
P03,16.6,PLACEMENT_UNCERTAIN,oesophagus
P03,16.8,PLACEMENT_UNCERTAIN,oesophagus
P03,17,PLACEMENT_UNCERTAIN,oesophagus
P03,17.2,PLACEMENT_UNCERTAIN,oesophagus
P03,17.4,PLACEMENT_UNCERTAIN,oesophagus
P03,17.6,PLACEMENT_UNCERTAIN,oesophagus
P03,17.8,PLACEMENT_UNCERTAIN,oesophagus
P03,18,PLACEMENT_UNCERTAIN,oesophagus
P03,18.2,PLACEMENT_UNCERTAIN,oesophagus
P03,18.4,PLACEMENT_UNCERTAIN,oesophagus
P03,18.6,PLACEMENT_UNCERTAIN,oesophagus
P03,18.8,PLACEMENT_UNCERTAIN,oesophagus
P03,19,PLACEMENT_UNCERTAIN,oesophagus
P03,19.2,PLACEMENT_UNCERTAIN,oesophagus
P03,19.4,PLACEMENT_UNCERTAIN,oesophagus
P03,19.6,PLACEMENT_UNCERTAIN,oesophagus
P03,19.8,PLACEMENT_UNCERTAIN,oesophagus
P03,20,PLACEMENT_UNCERTAIN,oesophagus
P03,20.2,PLACEMENT_UNCERTAIN,oesophagus
P03,20.4,PLACEMENT_UNCERTAIN,oesophagus
P03,20.6,PLACEMENT_UNCERTAIN,oesophagus
P03,20.8,PLACEMENT_UNCERTAIN,oesophagus
P03,21,PLACEMENT_UNCERTAIN,oesophagus
P03,21.2,PLACEMENT_UNCERTAIN,oesophagus
P03,21.4,PLACEMENT_UNCERTAIN,oesophagus
P03,21.6,PLACEMENT_UNCERTAIN,oesophagus
P03,21.8,PLACEMENT_UNCERTAIN,oesophagus
P03,22,PLACEMENT_UNCERTAIN,oesophagus
P03,22.2,PLACEMENT_UNCERTAIN,oesophagus
P03,22.4,PLACEMENT_UNCERTAIN,oesophagus
P03,22.6,PLACEMENT_UNCERTAIN,oesophagus
P03,22.8,PLACEMENT_UNCERTAIN,oesophagus
P03,23,PLACEMENT_UNCERTAIN,oesophagus
P03,23.2,PLACEMENT_UNCERTAIN,oesophagus
P03,23.4,PLACEMENT_UNCERTAIN,oesophagus
P03,23.6,PLACEMENT_UNCERTAIN,oesophagus
P03,23.8,PLACEMENT_UNCERTAIN,oesophagus
P03,24,PLACEMENT_UNCERTAIN,oesophagus
P03,24.2,PLACEMENT_UNCERTAIN,oesophagus
P03,24.4,PLACEMENT_UNCERTAIN,oesophagus
P03,24.6,PLACEMENT_UNCERTAIN,oesophagus
P03,24.8,PLACEMENT_UNCERTAIN,oesophagus
P03,25,PLACEMENT_UNCERTAIN,oesophagus
P03,25.2,PLACEMENT_UNCERTAIN,oesophagus
P03,25.4,PLACEMENT_UNCERTAIN,oesophagus
P03,25.6,PLACEMENT_UNCERTAIN,oesophagus
P03,25.8,PLACEMENT_UNCERTAIN,oesophagus
P03,26,PLACEMENT_UNCERTAIN,oesophagus
P03,26.2,PLACEMENT_UNCERTAIN,oesophagus
P03,26.4,PLACEMENT_UNCERTAIN,oesophagus
P03,26.6,PLACEMENT_UNCERTAIN,oesophagus
P03,26.8,PLACEMENT_UNCERTAIN,oesophagus
P03,27,PLACEMENT_UNCERTAIN,oesophagus
P03,27.2,PLACEMENT_UNCERTAIN,oesophagus
P03,27.4,PLACEMENT_UNCERTAIN,oesophagus
P03,27.6,PLACEMENT_UNCERTAIN,oesophagus
P03,27.8,PLACEMENT_UNCERTAIN,oesophagus
P03,28,PLACEMENT_UNCERTAIN,oesophagus
P03,28.2,PLACEMENT_UNCERTAIN,oesophagus
P03,28.4,PLACEMENT_UNCERTAIN,oesophagus
P03,28.6,PLACEMENT_UNCERTAIN,oesophagus
P03,28.8,PLACEMENT_UNCERTAIN,oesophagus
P03,29,PLACEMENT_UNCERTAIN,oesophagus
P03,29.2,PLACEMENT_UNCERTAIN,oesophagus
P03,29.4,PLACEMENT_UNCERTAIN,oesophagus
P03,29.6,PLACEMENT_UNCERTAIN,oesophagus
P03,29.8,PLACEMENT_UNCERTAIN,oesophagus
P03,30,PLACEMENT_UNCERTAIN,oesophagus
P03,30.2,PLACEMENT_UNCERTAIN,oesophagus
P03,30.4,PLACEMENT_UNCERTAIN,oesophagus
P03,30.6,PLACEMENT_UNCERTAIN,oesophagus
P03,30.8,PLACEMENT_UNCERTAIN,oesophagus
P03,31,PLACEMENT_UNCERTAIN,oesophagus
P03,31.2,PLACEMENT_UNCERTAIN,oesophagus
P03,31.4,PLACEMENT_UNCERTAIN,oesophagus
P03,31.6,PLACEMENT_UNCERTAIN,oesophagus
P03,31.8,PLACEMENT_UNCERTAIN,oesophagus
P03,32,PLACEMENT_UNCERTAIN,oesophagus
P03,32.2,PLACEMENT_UNCERTAIN,oesophagus
P03,32.4,PLACEMENT_UNCERTAIN,oesophagus
P03,32.6,PLACEMENT_UNCERTAIN,oesophagus
P03,32.8,PLACEMENT_UNCERTAIN,oesophagus
P03,33,PLACEMENT_UNCERTAIN,oesophagus
P03,33.2,PLACEMENT_UNCERTAIN,oesophagus
P03,33.4,PLACEMENT_UNCERTAIN,oesophagus
P03,33.6,PLACEMENT_UNCERTAIN,oesophagus
P03,33.8,PLACEMENT_UNCERTAIN,oesophagus
P03,34,PLACEMENT_UNCERTAIN,oesophagus
P03,34.2,PLACEMENT_UNCERTAIN,oesophagus
P03,34.4,PLACEMENT_UNCERTAIN,oesophagus
P03,34.6,PLACEMENT_UNCERTAIN,oesophagus
P03,34.8,PLACEMENT_UNCERTAIN,oesophagus
P03,35,PLACEMENT_UNCERTAIN,oesophagus
P03,35.2,PLACEMENT_UNCERTAIN,oesophagus
P03,35.4,PLACEMENT_UNCERTAIN,oesophagus
P03,35.6,PLACEMENT_UNCERTAIN,oesophagus
P03,35.8,PLACEMENT_UNCERTAIN,oesophagus
P03,36,PLACEMENT_UNCERTAIN,oesophagus
P03,36.2,PLACEMENT_UNCERTAIN,oesophagus
P03,36.4,PLACEMENT_UNCERTAIN,oesophagus
P03,36.6,PLACEMENT_UNCERTAIN,oesophagus
P03,36.8,PLACEMENT_UNCERTAIN,oesophagus
P03,37,PLACEMENT_UNCERTAIN,oesophagus
P03,37.2,PLACEMENT_UNCERTAIN,oesophagus
P03,37.4,PLACEMENT_UNCERTAIN,oesophagus
P03,37.6,PLACEMENT_UNCERTAIN,oesophagus
P03,37.8,PLACEMENT_UNCERTAIN,oesophagus
P03,38,PLACEMENT_UNCERTAIN,oesophagus
P03,38.2,PLACEMENT_UNCERTAIN,oesophagus
P03,38.4,PLACEMENT_UNCERTAIN,oesophagus
P03,38.6,PLACEMENT_UNCERTAIN,oesophagus
P03,38.8,PLACEMENT_UNCERTAIN,oesophagus
P03,39,PLACEMENT_UNCERTAIN,oesophagus
P03,39.2,PLACEMENT_UNCERTAIN,oesophagus
P03,39.4,PLACEMENT_UNCERTAIN,oesophagus
P03,39.6,PLACEMENT_UNCERTAIN,oesophagus
P03,39.8,PLACEMENT_UNCERTAIN,oesophagus
P03,40,PLACEMENT_UNCERTAIN,oesophagus
P03,40.2,PLACEMENT_UNCERTAIN,oesophagus
P03,40.4,PLACEMENT_UNCERTAIN,oesophagus
P03,40.6,PLACEMENT_UNCERTAIN,oesophagus
P03,40.8,PLACEMENT_UNCERTAIN,oesophagus
P03,41,PLACEMENT_UNCERTAIN,oesophagus
P03,41.2,PLACEMENT_UNCERTAIN,oesophagus
P03,41.4,PLACEMENT_UNCERTAIN,oesophagus
P03,41.6,PLACEMENT_UNCERTAIN,oesophagus
P03,41.8,PLACEMENT_UNCERTAIN,oesophagus
P03,42,PLACEMENT_UNCERTAIN,oesophagus
P03,42.2,PLACEMENT_UNCERTAIN,oesophagus
P03,42.4,PLACEMENT_UNCERTAIN,oesophagus
P03,42.6,PLACEMENT_UNCERTAIN,oesophagus
P03,42.8,PLACEMENT_UNCERTAIN,oesophagus
P03,43,PLACEMENT_UNCERTAIN,oesophagus
P03,43.2,PLACEMENT_UNCERTAIN,oesophagus
P03,43.4,PLACEMENT_UNCERTAIN,oesophagus
P03,43.6,PLACEMENT_UNCERTAIN,oesophagus
P03,43.8,PLACEMENT_UNCERTAIN,oesophagus
P03,44,PLACEMENT_UNCERTAIN,oesophagus
P03,44.2,PLACEMENT_UNCERTAIN,oesophagus
P03,44.4,PLACEMENT_UNCERTAIN,oesophagus
P03,44.6,PLACEMENT_UNCERTAIN,oesophagus
P03,44.8,PLACEMENT_UNCERTAIN,oesophagus
P04,0,COLLECTING,stomach
P04,0.2,COLLECTING,stomach
P04,0.4,COLLECTING,stomach
P04,0.6,COLLECTING,stomach
P04,0.8,COLLECTING,stomach
P04,1,COLLECTING,stomach
P04,1.2,COLLECTING,stomach
P04,1.4,COLLECTING,stomach
P04,1.6,COLLECTING,stomach
P04,1.8,COLLECTING,stomach
P04,2,COLLECTING,stomach
P04,2.2,COLLECTING,stomach
P04,2.4,COLLECTING,stomach
P04,2.6,COLLECTING,stomach
P04,2.8,COLLECTING,stomach
P04,3,COLLECTING,stomach
P04,3.2,COLLECTING,stomach
P04,3.4,COLLECTING,stomach
P04,3.6,COLLECTING,stomach
P04,3.8,COLLECTING,stomach
P04,4,COLLECTING,stomach
P04,4.2,COLLECTING,stomach
P04,4.4,COLLECTING,stomach
P04,4.6,COLLECTING,stomach
P04,4.8,COLLECTING,stomach
P04,5,COLLECTING,stomach
P04,5.2,COLLECTING,stomach
P04,5.4,COLLECTING,stomach
P04,5.6,COLLECTING,stomach
P04,5.8,COLLECTING,stomach
P04,6,COLLECTING,stomach
P04,6.2,COLLECTING,stomach
P04,6.4,COLLECTING,stomach
P04,6.6,COLLECTING,stomach
P04,6.8,COLLECTING,stomach
P04,7,COLLECTING,stomach
P04,7.2,COLLECTING,stomach
P04,7.4,COLLECTING,stomach
P04,7.6,COLLECTING,stomach
P04,7.8,COLLECTING,stomach
P04,8,COLLECTING,stomach
P04,8.2,COLLECTING,stomach
P04,8.4,COLLECTING,stomach
P04,8.6,COLLECTING,stomach
P04,8.8,COLLECTING,stomach
P04,9,COLLECTING,stomach
P04,9.2,COLLECTING,stomach
P04,9.4,COLLECTING,stomach
P04,9.6,COLLECTING,stomach
P04,9.8,PLACEMENT_UNCERTAIN,stomach
P04,10,PLACEMENT_UNCERTAIN,stomach
P04,10.2,PLACEMENT_UNCERTAIN,stomach
P04,10.4,PLACEMENT_UNCERTAIN,stomach
P04,10.6,PLACEMENT_UNCERTAIN,stomach
P04,10.8,PLACEMENT_UNCERTAIN,stomach
P04,11,PLACEMENT_UNCERTAIN,stomach
P04,11.2,PLACEMENT_UNCERTAIN,stomach
P04,11.4,PLACEMENT_UNCERTAIN,stomach
P04,11.6,PLACEMENT_UNCERTAIN,stomach
P04,11.8,PLACEMENT_UNCERTAIN,stomach
P04,12,PLACEMENT_UNCERTAIN,stomach
P04,12.2,PLACEMENT_UNCERTAIN,stomach
P04,12.4,PLACEMENT_UNCERTAIN,stomach
P04,12.6,PLACEMENT_UNCERTAIN,stomach
P04,12.8,PLACEMENT_UNCERTAIN,stomach
P04,13,PLACEMENT_UNCERTAIN,stomach
P04,13.2,PLACEMENT_UNCERTAIN,stomach
P04,13.4,PLACEMENT_UNCERTAIN,stomach
P04,13.6,PLACEMENT_UNCERTAIN,stomach
P04,13.8,PLACEMENT_UNCERTAIN,stomach
P04,14,PLACEMENT_UNCERTAIN,stomach
P04,14.2,PLACEMENT_UNCERTAIN,stomach
P04,14.4,PLACEMENT_UNCERTAIN,stomach
P04,14.6,PLACEMENT_UNCERTAIN,stomach
P04,14.8,PLACEMENT_UNCERTAIN,stomach
P04,15,PLACEMENT_UNCERTAIN,stomach
P04,15.2,PLACEMENT_UNCERTAIN,stomach
P04,15.4,PLACEMENT_UNCERTAIN,stomach
P04,15.6,PLACEMENT_UNCERTAIN,stomach
P04,15.8,PLACEMENT_UNCERTAIN,stomach
P04,16,PLACEMENT_UNCERTAIN,stomach
P04,16.2,PLACEMENT_UNCERTAIN,stomach
P04,16.4,PLACEMENT_UNCERTAIN,stomach
P04,16.6,PLACEMENT_UNCERTAIN,stomach
P04,16.8,PLACEMENT_UNCERTAIN,stomach
P04,17,PLACEMENT_UNCERTAIN,stomach
P04,17.2,PLACEMENT_UNCERTAIN,stomach
P04,17.4,PLACEMENT_UNCERTAIN,stomach
P04,17.6,PLACEMENT_UNCERTAIN,stomach
P04,17.8,PLACEMENT_UNCERTAIN,stomach
P04,18,PLACEMENT_UNCERTAIN,stomach
P04,18.2,PLACEMENT_UNCERTAIN,stomach
P04,18.4,PLACEMENT_UNCERTAIN,stomach
P04,18.6,PLACEMENT_UNCERTAIN,stomach
P04,18.8,PLACEMENT_UNCERTAIN,stomach
P04,19,PLACEMENT_UNCERTAIN,stomach
P04,19.2,PLACEMENT_UNCERTAIN,stomach
P04,19.4,PLACEMENT_UNCERTAIN,stomach
P04,19.6,PLACEMENT_UNCERTAIN,stomach
P04,19.8,PLACEMENT_UNCERTAIN,stomach
P04,20,PLACEMENT_UNCERTAIN,stomach
P04,20.2,PLACEMENT_UNCERTAIN,stomach
P04,20.4,PLACEMENT_UNCERTAIN,stomach
P04,20.6,PLACEMENT_UNCERTAIN,stomach
P04,20.8,PLACEMENT_UNCERTAIN,stomach
P04,21,PLACEMENT_UNCERTAIN,stomach
P04,21.2,PLACEMENT_UNCERTAIN,stomach
P04,21.4,PLACEMENT_UNCERTAIN,stomach
P04,21.6,PLACEMENT_UNCERTAIN,stomach
P04,21.8,PLACEMENT_UNCERTAIN,stomach
P04,22,PLACEMENT_UNCERTAIN,stomach
P04,22.2,PLACEMENT_UNCERTAIN,stomach
P04,22.4,PLACEMENT_UNCERTAIN,stomach
P04,22.6,PLACEMENT_UNCERTAIN,stomach
P04,22.8,PLACEMENT_UNCERTAIN,stomach
P04,23,PLACEMENT_UNCERTAIN,stomach
P04,23.2,PLACEMENT_UNCERTAIN,stomach
P04,23.4,PLACEMENT_UNCERTAIN,stomach
P04,23.6,PLACEMENT_UNCERTAIN,stomach
P04,23.8,PLACEMENT_UNCERTAIN,stomach
P04,24,PLACEMENT_UNCERTAIN,stomach
P04,24.2,PLACEMENT_UNCERTAIN,stomach
P04,24.4,PLACEMENT_UNCERTAIN,stomach
P04,24.6,PLACEMENT_UNCERTAIN,stomach
P04,24.8,PLACEMENT_UNCERTAIN,stomach
P04,25,PLACEMENT_UNCERTAIN,stomach
P04,25.2,PLACEMENT_UNCERTAIN,stomach
P04,25.4,PLACEMENT_UNCERTAIN,stomach
P04,25.6,PLACEMENT_UNCERTAIN,stomach
P04,25.8,PLACEMENT_UNCERTAIN,stomach
P04,26,PLACEMENT_UNCERTAIN,stomach
P04,26.2,PLACEMENT_UNCERTAIN,stomach
P04,26.4,PLACEMENT_UNCERTAIN,stomach
P04,26.6,PLACEMENT_UNCERTAIN,stomach
P04,26.8,PLACEMENT_UNCERTAIN,stomach
P04,27,PLACEMENT_UNCERTAIN,stomach
P04,27.2,PLACEMENT_UNCERTAIN,stomach
P04,27.4,PLACEMENT_UNCERTAIN,stomach
P04,27.6,PLACEMENT_UNCERTAIN,stomach
P04,27.8,PLACEMENT_UNCERTAIN,stomach
P04,28,PLACEMENT_UNCERTAIN,stomach
P04,28.2,PLACEMENT_UNCERTAIN,stomach
P04,28.4,PLACEMENT_UNCERTAIN,stomach
P04,28.6,PLACEMENT_UNCERTAIN,stomach
P04,28.8,PLACEMENT_UNCERTAIN,stomach
P04,29,PLACEMENT_UNCERTAIN,stomach
P04,29.2,PLACEMENT_UNCERTAIN,stomach
P04,29.4,PLACEMENT_UNCERTAIN,stomach
P04,29.6,PLACEMENT_UNCERTAIN,stomach
P04,29.8,PLACEMENT_UNCERTAIN,stomach
P04,30,PLACEMENT_UNCERTAIN,stomach
P04,30.2,PLACEMENT_UNCERTAIN,stomach
P04,30.4,PLACEMENT_UNCERTAIN,stomach
P04,30.6,PLACEMENT_UNCERTAIN,stomach
P04,30.8,PLACEMENT_UNCERTAIN,stomach
P04,31,PLACEMENT_UNCERTAIN,stomach
P04,31.2,PLACEMENT_UNCERTAIN,stomach
P04,31.4,PLACEMENT_UNCERTAIN,stomach
P04,31.6,PLACEMENT_UNCERTAIN,stomach
P04,31.8,PLACEMENT_UNCERTAIN,stomach
P04,32,PLACEMENT_UNCERTAIN,stomach
P04,32.2,PLACEMENT_UNCERTAIN,stomach
P04,32.4,PLACEMENT_UNCERTAIN,stomach
P04,32.6,PLACEMENT_UNCERTAIN,stomach
P04,32.8,PLACEMENT_UNCERTAIN,stomach
P04,33,PLACEMENT_UNCERTAIN,stomach
P04,33.2,PLACEMENT_UNCERTAIN,stomach
P04,33.4,PLACEMENT_UNCERTAIN,stomach
P04,33.6,PLACEMENT_UNCERTAIN,stomach
P04,33.8,PLACEMENT_UNCERTAIN,stomach
P04,34,PLACEMENT_UNCERTAIN,stomach
P04,34.2,PLACEMENT_UNCERTAIN,stomach
P04,34.4,PLACEMENT_UNCERTAIN,stomach
P04,34.6,PLACEMENT_UNCERTAIN,stomach
P04,34.8,PLACEMENT_UNCERTAIN,stomach
P04,35,PLACEMENT_UNCERTAIN,stomach
P04,35.2,PLACEMENT_UNCERTAIN,stomach
P04,35.4,PLACEMENT_UNCERTAIN,stomach
P04,35.6,PLACEMENT_UNCERTAIN,stomach
P04,35.8,PLACEMENT_UNCERTAIN,stomach
P04,36,PLACEMENT_UNCERTAIN,stomach
P04,36.2,PLACEMENT_UNCERTAIN,stomach
P04,36.4,PLACEMENT_UNCERTAIN,stomach
P04,36.6,PLACEMENT_UNCERTAIN,stomach
P04,36.8,PLACEMENT_UNCERTAIN,stomach
P04,37,PLACEMENT_UNCERTAIN,stomach
P04,37.2,PLACEMENT_UNCERTAIN,stomach
P04,37.4,PLACEMENT_UNCERTAIN,stomach
P04,37.6,PLACEMENT_UNCERTAIN,stomach
P04,37.8,PLACEMENT_UNCERTAIN,stomach
P04,38,PLACEMENT_UNCERTAIN,stomach
P04,38.2,PLACEMENT_UNCERTAIN,stomach
P04,38.4,PLACEMENT_UNCERTAIN,stomach
P04,38.6,PLACEMENT_UNCERTAIN,stomach
P04,38.8,PLACEMENT_UNCERTAIN,stomach
P04,39,PLACEMENT_UNCERTAIN,stomach
P04,39.2,PLACEMENT_UNCERTAIN,stomach
P04,39.4,PLACEMENT_UNCERTAIN,stomach
P04,39.6,PLACEMENT_UNCERTAIN,stomach
P04,39.8,PLACEMENT_UNCERTAIN,stomach
P04,40,PLACEMENT_UNCERTAIN,stomach
P04,40.2,PLACEMENT_UNCERTAIN,stomach
P04,40.4,PLACEMENT_UNCERTAIN,stomach
P04,40.6,PLACEMENT_UNCERTAIN,stomach
P04,40.8,PLACEMENT_UNCERTAIN,stomach
P04,41,PLACEMENT_UNCERTAIN,stomach
P04,41.2,PLACEMENT_UNCERTAIN,stomach
P04,41.4,PLACEMENT_UNCERTAIN,stomach
P04,41.6,PLACEMENT_UNCERTAIN,stomach
P04,41.8,PLACEMENT_UNCERTAIN,stomach
P04,42,PLACEMENT_UNCERTAIN,stomach
P04,42.2,PLACEMENT_UNCERTAIN,stomach
P04,42.4,PLACEMENT_UNCERTAIN,stomach
P04,42.6,PLACEMENT_UNCERTAIN,stomach
P04,42.8,PLACEMENT_UNCERTAIN,stomach
P04,43,PLACEMENT_UNCERTAIN,stomach
P04,43.2,PLACEMENT_UNCERTAIN,stomach
P04,43.4,PLACEMENT_UNCERTAIN,stomach
P04,43.6,PLACEMENT_UNCERTAIN,stomach
P04,43.8,PLACEMENT_UNCERTAIN,stomach
P04,44,PLACEMENT_UNCERTAIN,stomach
P04,44.2,PLACEMENT_UNCERTAIN,stomach
P04,44.4,PLACEMENT_UNCERTAIN,stomach
P04,44.6,PLACEMENT_UNCERTAIN,stomach
P04,44.8,PLACEMENT_UNCERTAIN,stomach
P05,0,COLLECTING,oesophagus
P05,0.2,COLLECTING,oesophagus
P05,0.4,COLLECTING,oesophagus
P05,0.6,COLLECTING,oesophagus
P05,0.8,COLLECTING,oesophagus
P05,1,COLLECTING,oesophagus
P05,1.2,COLLECTING,oesophagus
P05,1.4,COLLECTING,oesophagus
P05,1.6,COLLECTING,oesophagus
P05,1.8,COLLECTING,oesophagus
P05,2,COLLECTING,oesophagus
P05,2.2,COLLECTING,oesophagus
P05,2.4,COLLECTING,oesophagus
P05,2.6,COLLECTING,oesophagus
P05,2.8,COLLECTING,oesophagus
P05,3,COLLECTING,oesophagus
P05,3.2,COLLECTING,oesophagus
P05,3.4,COLLECTING,oesophagus
P05,3.6,COLLECTING,oesophagus
P05,3.8,COLLECTING,oesophagus
P05,4,COLLECTING,oesophagus
P05,4.2,COLLECTING,oesophagus
P05,4.4,COLLECTING,oesophagus
P05,4.6,COLLECTING,oesophagus
P05,4.8,COLLECTING,oesophagus
P05,5,COLLECTING,oesophagus
P05,5.2,COLLECTING,oesophagus
P05,5.4,COLLECTING,oesophagus
P05,5.6,COLLECTING,oesophagus
P05,5.8,COLLECTING,oesophagus
P05,6,COLLECTING,oesophagus
P05,6.2,COLLECTING,oesophagus
P05,6.4,COLLECTING,oesophagus
P05,6.6,COLLECTING,oesophagus
P05,6.8,COLLECTING,oesophagus
P05,7,COLLECTING,oesophagus
P05,7.2,COLLECTING,oesophagus
P05,7.4,COLLECTING,oesophagus
P05,7.6,COLLECTING,oesophagus
P05,7.8,COLLECTING,oesophagus
P05,8,COLLECTING,oesophagus
P05,8.2,COLLECTING,oesophagus
P05,8.4,COLLECTING,oesophagus
P05,8.6,COLLECTING,oesophagus
P05,8.8,COLLECTING,oesophagus
P05,9,COLLECTING,oesophagus
P05,9.2,COLLECTING,oesophagus
P05,9.4,COLLECTING,oesophagus
P05,9.6,COLLECTING,oesophagus
P05,9.8,GASTRIC_COMPATIBLE,oesophagus
P05,10,GASTRIC_COMPATIBLE,oesophagus
P05,10.2,GASTRIC_COMPATIBLE,oesophagus
P05,10.4,GASTRIC_COMPATIBLE,oesophagus
P05,10.6,GASTRIC_COMPATIBLE,oesophagus
P05,10.8,GASTRIC_COMPATIBLE,oesophagus
P05,11,GASTRIC_COMPATIBLE,oesophagus
P05,11.2,GASTRIC_COMPATIBLE,oesophagus
P05,11.4,GASTRIC_COMPATIBLE,oesophagus
P05,11.6,GASTRIC_COMPATIBLE,oesophagus
P05,11.8,GASTRIC_COMPATIBLE,oesophagus
P05,12,GASTRIC_COMPATIBLE,oesophagus
P05,12.2,GASTRIC_COMPATIBLE,oesophagus
P05,12.4,GASTRIC_COMPATIBLE,oesophagus
P05,12.6,GASTRIC_COMPATIBLE,oesophagus
P05,12.8,GASTRIC_COMPATIBLE,oesophagus
P05,13,GASTRIC_COMPATIBLE,oesophagus
P05,13.2,GASTRIC_COMPATIBLE,oesophagus
P05,13.4,GASTRIC_COMPATIBLE,oesophagus
P05,13.6,GASTRIC_COMPATIBLE,oesophagus
P05,13.8,GASTRIC_COMPATIBLE,oesophagus
P05,14,GASTRIC_COMPATIBLE,oesophagus
P05,14.2,GASTRIC_COMPATIBLE,oesophagus
P05,14.4,GASTRIC_COMPATIBLE,oesophagus
P05,14.6,GASTRIC_COMPATIBLE,oesophagus
P05,14.8,GASTRIC_COMPATIBLE,oesophagus
P05,15,GASTRIC_COMPATIBLE,oesophagus
P05,15.2,GASTRIC_COMPATIBLE,oesophagus
P05,15.4,GASTRIC_COMPATIBLE,oesophagus
P05,15.6,GASTRIC_COMPATIBLE,oesophagus
P05,15.8,GASTRIC_COMPATIBLE,oesophagus
P05,16,GASTRIC_COMPATIBLE,oesophagus
P05,16.2,GASTRIC_COMPATIBLE,oesophagus
P05,16.4,GASTRIC_COMPATIBLE,oesophagus
P05,16.6,GASTRIC_COMPATIBLE,oesophagus
P05,16.8,GASTRIC_COMPATIBLE,oesophagus
P05,17,GASTRIC_COMPATIBLE,oesophagus
P05,17.2,GASTRIC_COMPATIBLE,oesophagus
P05,17.4,GASTRIC_COMPATIBLE,oesophagus
P05,17.6,GASTRIC_COMPATIBLE,oesophagus
P05,17.8,GASTRIC_COMPATIBLE,oesophagus
P05,18,GASTRIC_COMPATIBLE,oesophagus
P05,18.2,GASTRIC_COMPATIBLE,oesophagus
P05,18.4,GASTRIC_COMPATIBLE,oesophagus
P05,18.6,GASTRIC_COMPATIBLE,oesophagus
P05,18.8,GASTRIC_COMPATIBLE,oesophagus
P05,19,GASTRIC_COMPATIBLE,oesophagus
P05,19.2,GASTRIC_COMPATIBLE,oesophagus
P05,19.4,GASTRIC_COMPATIBLE,oesophagus
P05,19.6,GASTRIC_COMPATIBLE,oesophagus
P05,19.8,GASTRIC_COMPATIBLE,oesophagus
P05,20,GASTRIC_COMPATIBLE,oesophagus
P05,20.2,GASTRIC_COMPATIBLE,oesophagus
P05,20.4,GASTRIC_COMPATIBLE,oesophagus
P05,20.6,GASTRIC_COMPATIBLE,oesophagus
P05,20.8,GASTRIC_COMPATIBLE,oesophagus
P05,21,GASTRIC_COMPATIBLE,oesophagus
P05,21.2,GASTRIC_COMPATIBLE,oesophagus
P05,21.4,GASTRIC_COMPATIBLE,oesophagus
P05,21.6,GASTRIC_COMPATIBLE,oesophagus
P05,21.8,GASTRIC_COMPATIBLE,oesophagus
P05,22,GASTRIC_COMPATIBLE,oesophagus
P05,22.2,GASTRIC_COMPATIBLE,oesophagus
P05,22.4,GASTRIC_COMPATIBLE,oesophagus
P05,22.6,GASTRIC_COMPATIBLE,oesophagus
P05,22.8,GASTRIC_COMPATIBLE,oesophagus
P05,23,GASTRIC_COMPATIBLE,oesophagus
P05,23.2,GASTRIC_COMPATIBLE,oesophagus
P05,23.4,GASTRIC_COMPATIBLE,oesophagus
P05,23.6,GASTRIC_COMPATIBLE,oesophagus
P05,23.8,GASTRIC_COMPATIBLE,oesophagus
P05,24,GASTRIC_COMPATIBLE,oesophagus
P05,24.2,GASTRIC_COMPATIBLE,oesophagus
P05,24.4,GASTRIC_COMPATIBLE,oesophagus
P05,24.6,GASTRIC_COMPATIBLE,oesophagus
P05,24.8,GASTRIC_COMPATIBLE,oesophagus
P05,25,GASTRIC_COMPATIBLE,oesophagus
P05,25.2,GASTRIC_COMPATIBLE,oesophagus
P05,25.4,GASTRIC_COMPATIBLE,oesophagus
P05,25.6,GASTRIC_COMPATIBLE,oesophagus
P05,25.8,GASTRIC_COMPATIBLE,oesophagus
P05,26,GASTRIC_COMPATIBLE,oesophagus
P05,26.2,GASTRIC_COMPATIBLE,oesophagus
P05,26.4,GASTRIC_COMPATIBLE,oesophagus
P05,26.6,GASTRIC_COMPATIBLE,oesophagus
P05,26.8,GASTRIC_COMPATIBLE,oesophagus
P05,27,GASTRIC_COMPATIBLE,oesophagus
P05,27.2,GASTRIC_COMPATIBLE,oesophagus
P05,27.4,GASTRIC_COMPATIBLE,oesophagus
P05,27.6,GASTRIC_COMPATIBLE,oesophagus
P05,27.8,GASTRIC_COMPATIBLE,oesophagus
P05,28,GASTRIC_COMPATIBLE,oesophagus
P05,28.2,GASTRIC_COMPATIBLE,oesophagus
P05,28.4,GASTRIC_COMPATIBLE,oesophagus
P05,28.6,GASTRIC_COMPATIBLE,oesophagus
P05,28.8,GASTRIC_COMPATIBLE,oesophagus
P05,29,GASTRIC_COMPATIBLE,oesophagus
P05,29.2,GASTRIC_COMPATIBLE,oesophagus
P05,29.4,GASTRIC_COMPATIBLE,oesophagus
P05,29.6,GASTRIC_COMPATIBLE,oesophagus
P05,29.8,GASTRIC_COMPATIBLE,oesophagus
P05,30,GASTRIC_COMPATIBLE,oesophagus
P05,30.2,GASTRIC_COMPATIBLE,oesophagus
P05,30.4,GASTRIC_COMPATIBLE,oesophagus
P05,30.6,GASTRIC_COMPATIBLE,oesophagus
P05,30.8,GASTRIC_COMPATIBLE,oesophagus
P05,31,GASTRIC_COMPATIBLE,oesophagus
P05,31.2,GASTRIC_COMPATIBLE,oesophagus
P05,31.4,GASTRIC_COMPATIBLE,oesophagus
P05,31.6,GASTRIC_COMPATIBLE,oesophagus
P05,31.8,GASTRIC_COMPATIBLE,oesophagus
P05,32,GASTRIC_COMPATIBLE,oesophagus
P05,32.2,GASTRIC_COMPATIBLE,oesophagus
P05,32.4,GASTRIC_COMPATIBLE,oesophagus
P05,32.6,GASTRIC_COMPATIBLE,oesophagus
P05,32.8,GASTRIC_COMPATIBLE,oesophagus
P05,33,GASTRIC_COMPATIBLE,oesophagus
P05,33.2,GASTRIC_COMPATIBLE,oesophagus
P05,33.4,GASTRIC_COMPATIBLE,oesophagus
P05,33.6,GASTRIC_COMPATIBLE,oesophagus
P05,33.8,GASTRIC_COMPATIBLE,oesophagus
P05,34,GASTRIC_COMPATIBLE,oesophagus
P05,34.2,GASTRIC_COMPATIBLE,oesophagus
P05,34.4,GASTRIC_COMPATIBLE,oesophagus
P05,34.6,GASTRIC_COMPATIBLE,oesophagus
P05,34.8,GASTRIC_COMPATIBLE,oesophagus
P05,35,GASTRIC_COMPATIBLE,oesophagus
P05,35.2,GASTRIC_COMPATIBLE,oesophagus
P05,35.4,GASTRIC_COMPATIBLE,oesophagus
P05,35.6,GASTRIC_COMPATIBLE,oesophagus
P05,35.8,GASTRIC_COMPATIBLE,oesophagus
P05,36,GASTRIC_COMPATIBLE,oesophagus
P05,36.2,GASTRIC_COMPATIBLE,oesophagus
P05,36.4,GASTRIC_COMPATIBLE,oesophagus
P05,36.6,GASTRIC_COMPATIBLE,oesophagus
P05,36.8,GASTRIC_COMPATIBLE,oesophagus
P05,37,GASTRIC_COMPATIBLE,oesophagus
P05,37.2,GASTRIC_COMPATIBLE,oesophagus
P05,37.4,GASTRIC_COMPATIBLE,oesophagus
P05,37.6,GASTRIC_COMPATIBLE,oesophagus
P05,37.8,GASTRIC_COMPATIBLE,oesophagus
P05,38,GASTRIC_COMPATIBLE,oesophagus
P05,38.2,GASTRIC_COMPATIBLE,oesophagus
P05,38.4,GASTRIC_COMPATIBLE,oesophagus
P05,38.6,GASTRIC_COMPATIBLE,oesophagus
P05,38.8,GASTRIC_COMPATIBLE,oesophagus
P05,39,GASTRIC_COMPATIBLE,oesophagus
P05,39.2,GASTRIC_COMPATIBLE,oesophagus
P05,39.4,GASTRIC_COMPATIBLE,oesophagus
P05,39.6,GASTRIC_COMPATIBLE,oesophagus
P05,39.8,GASTRIC_COMPATIBLE,oesophagus
P05,40,GASTRIC_COMPATIBLE,oesophagus
P05,40.2,GASTRIC_COMPATIBLE,oesophagus
P05,40.4,GASTRIC_COMPATIBLE,oesophagus
P05,40.6,GASTRIC_COMPATIBLE,oesophagus
P05,40.8,GASTRIC_COMPATIBLE,oesophagus
P05,41,GASTRIC_COMPATIBLE,oesophagus
P05,41.2,GASTRIC_COMPATIBLE,oesophagus
P05,41.4,GASTRIC_COMPATIBLE,oesophagus
P05,41.6,GASTRIC_COMPATIBLE,oesophagus
P05,41.8,GASTRIC_COMPATIBLE,oesophagus
P05,42,GASTRIC_COMPATIBLE,oesophagus
P05,42.2,GASTRIC_COMPATIBLE,oesophagus
P05,42.4,GASTRIC_COMPATIBLE,oesophagus
P05,42.6,GASTRIC_COMPATIBLE,oesophagus
P05,42.8,GASTRIC_COMPATIBLE,oesophagus
P05,43,GASTRIC_COMPATIBLE,oesophagus
P05,43.2,GASTRIC_COMPATIBLE,oesophagus
P05,43.4,GASTRIC_COMPATIBLE,oesophagus
P05,43.6,GASTRIC_COMPATIBLE,oesophagus
P05,43.8,GASTRIC_COMPATIBLE,oesophagus
P05,44,GASTRIC_COMPATIBLE,oesophagus
P05,44.2,GASTRIC_COMPATIBLE,oesophagus
P05,44.4,GASTRIC_COMPATIBLE,oesophagus
P05,44.6,GASTRIC_COMPATIBLE,oesophagus
P05,44.8,GASTRIC_COMPATIBLE,oesophagus
P06,0,COLLECTING,stomach
P06,0.2,COLLECTING,stomach
P06,0.4,COLLECTING,stomach
P06,0.6,COLLECTING,stomach
P06,0.8,COLLECTING,stomach
P06,1,COLLECTING,stomach
P06,1.2,COLLECTING,stomach
P06,1.4,COLLECTING,stomach
P06,1.6,COLLECTING,stomach
P06,1.8,COLLECTING,stomach
P06,2,COLLECTING,stomach
P06,2.2,COLLECTING,stomach
P06,2.4,COLLECTING,stomach
P06,2.6,COLLECTING,stomach
P06,2.8,COLLECTING,stomach
P06,3,COLLECTING,stomach
P06,3.2,COLLECTING,stomach
P06,3.4,COLLECTING,stomach
P06,3.6,COLLECTING,stomach
P06,3.8,COLLECTING,stomach
P06,4,COLLECTING,stomach
P06,4.2,COLLECTING,stomach
P06,4.4,COLLECTING,stomach
P06,4.6,COLLECTING,stomach
P06,4.8,COLLECTING,stomach
P06,5,COLLECTING,stomach
P06,5.2,COLLECTING,stomach
P06,5.4,COLLECTING,stomach
P06,5.6,COLLECTING,stomach
P06,5.8,COLLECTING,stomach
P06,6,COLLECTING,stomach
P06,6.2,COLLECTING,stomach
P06,6.4,COLLECTING,stomach
P06,6.6,COLLECTING,stomach
P06,6.8,COLLECTING,stomach
P06,7,COLLECTING,stomach
P06,7.2,COLLECTING,stomach
P06,7.4,COLLECTING,stomach
P06,7.6,COLLECTING,stomach
P06,7.8,COLLECTING,stomach
P06,8,COLLECTING,stomach
P06,8.2,COLLECTING,stomach
P06,8.4,COLLECTING,stomach
P06,8.6,COLLECTING,stomach
P06,8.8,COLLECTING,stomach
P06,9,COLLECTING,stomach
P06,9.2,COLLECTING,stomach
P06,9.4,COLLECTING,stomach
P06,9.6,COLLECTING,stomach
P06,9.8,GASTRIC_COMPATIBLE,stomach
P06,10,GASTRIC_COMPATIBLE,stomach
P06,10.2,GASTRIC_COMPATIBLE,stomach
P06,10.4,GASTRIC_COMPATIBLE,stomach
P06,10.6,GASTRIC_COMPATIBLE,stomach
P06,10.8,GASTRIC_COMPATIBLE,stomach
P06,11,GASTRIC_COMPATIBLE,stomach
P06,11.2,GASTRIC_COMPATIBLE,stomach
P06,11.4,GASTRIC_COMPATIBLE,stomach
P06,11.6,GASTRIC_COMPATIBLE,stomach
P06,11.8,GASTRIC_COMPATIBLE,stomach
P06,12,GASTRIC_COMPATIBLE,stomach
P06,12.2,GASTRIC_COMPATIBLE,stomach
P06,12.4,GASTRIC_COMPATIBLE,stomach
P06,12.6,GASTRIC_COMPATIBLE,stomach
P06,12.8,GASTRIC_COMPATIBLE,stomach
P06,13,GASTRIC_COMPATIBLE,stomach
P06,13.2,GASTRIC_COMPATIBLE,stomach
P06,13.4,GASTRIC_COMPATIBLE,stomach
P06,13.6,GASTRIC_COMPATIBLE,stomach
P06,13.8,GASTRIC_COMPATIBLE,stomach
P06,14,GASTRIC_COMPATIBLE,stomach
P06,14.2,GASTRIC_COMPATIBLE,stomach
P06,14.4,GASTRIC_COMPATIBLE,stomach
P06,14.6,GASTRIC_COMPATIBLE,stomach
P06,14.8,GASTRIC_COMPATIBLE,stomach
P06,15,SENSOR_UNAVAILABLE,stomach
P06,15.2,SENSOR_UNAVAILABLE,stomach
P06,15.4,SENSOR_UNAVAILABLE,stomach
P06,15.6,SENSOR_UNAVAILABLE,stomach
P06,15.8,SENSOR_UNAVAILABLE,stomach
P06,16,SENSOR_UNAVAILABLE,stomach
P06,16.2,SENSOR_UNAVAILABLE,stomach
P06,16.4,SENSOR_UNAVAILABLE,stomach
P06,16.6,SENSOR_UNAVAILABLE,stomach
P06,16.8,SENSOR_UNAVAILABLE,stomach
P06,17,SENSOR_UNAVAILABLE,stomach
P06,17.2,SENSOR_UNAVAILABLE,stomach
P06,17.4,SENSOR_UNAVAILABLE,stomach
P06,17.6,SENSOR_UNAVAILABLE,stomach
P06,17.8,SENSOR_UNAVAILABLE,stomach
P06,18,SENSOR_UNAVAILABLE,stomach
P06,18.2,SENSOR_UNAVAILABLE,stomach
P06,18.4,SENSOR_UNAVAILABLE,stomach
P06,18.6,SENSOR_UNAVAILABLE,stomach
P06,18.8,SENSOR_UNAVAILABLE,stomach
P06,19,SENSOR_UNAVAILABLE,stomach
P06,19.2,SENSOR_UNAVAILABLE,stomach
P06,19.4,SENSOR_UNAVAILABLE,stomach
P06,19.6,SENSOR_UNAVAILABLE,stomach
P06,19.8,SENSOR_UNAVAILABLE,stomach
P06,20,SENSOR_UNAVAILABLE,stomach
P06,20.2,SENSOR_UNAVAILABLE,stomach
P06,20.4,SENSOR_UNAVAILABLE,stomach
P06,20.6,SENSOR_UNAVAILABLE,stomach
P06,20.8,SENSOR_UNAVAILABLE,stomach
P06,21,SENSOR_UNAVAILABLE,stomach
P06,21.2,SENSOR_UNAVAILABLE,stomach
P06,21.4,SENSOR_UNAVAILABLE,stomach
P06,21.6,SENSOR_UNAVAILABLE,stomach
P06,21.8,SENSOR_UNAVAILABLE,stomach
P06,22,SENSOR_UNAVAILABLE,stomach
P06,22.2,SENSOR_UNAVAILABLE,stomach
P06,22.4,SENSOR_UNAVAILABLE,stomach
P06,22.6,SENSOR_UNAVAILABLE,stomach
P06,22.8,SENSOR_UNAVAILABLE,stomach
P06,23,SENSOR_UNAVAILABLE,stomach
P06,23.2,SENSOR_UNAVAILABLE,stomach
P06,23.4,SENSOR_UNAVAILABLE,stomach
P06,23.6,SENSOR_UNAVAILABLE,stomach
P06,23.8,SENSOR_UNAVAILABLE,stomach
P06,24,SENSOR_UNAVAILABLE,stomach
P06,24.2,SENSOR_UNAVAILABLE,stomach
P06,24.4,SENSOR_UNAVAILABLE,stomach
P06,24.6,SENSOR_UNAVAILABLE,stomach
P06,24.8,SENSOR_UNAVAILABLE,stomach
P06,25,COLLECTING,stomach
P06,25.2,COLLECTING,stomach
P06,25.4,COLLECTING,stomach
P06,25.6,COLLECTING,stomach
P06,25.8,COLLECTING,stomach
P06,26,COLLECTING,stomach
P06,26.2,COLLECTING,stomach
P06,26.4,COLLECTING,stomach
P06,26.6,COLLECTING,stomach
P06,26.8,COLLECTING,stomach
P06,27,COLLECTING,stomach
P06,27.2,COLLECTING,stomach
P06,27.4,COLLECTING,stomach
P06,27.6,COLLECTING,stomach
P06,27.8,COLLECTING,stomach
P06,28,COLLECTING,stomach
P06,28.2,COLLECTING,stomach
P06,28.4,COLLECTING,stomach
P06,28.6,COLLECTING,stomach
P06,28.8,COLLECTING,stomach
P06,29,COLLECTING,stomach
P06,29.2,COLLECTING,stomach
P06,29.4,COLLECTING,stomach
P06,29.6,COLLECTING,stomach
P06,29.8,COLLECTING,stomach
P06,30,COLLECTING,stomach
P06,30.2,COLLECTING,stomach
P06,30.4,COLLECTING,stomach
P06,30.6,COLLECTING,stomach
P06,30.8,COLLECTING,stomach
P06,31,COLLECTING,stomach
P06,31.2,COLLECTING,stomach
P06,31.4,COLLECTING,stomach
P06,31.6,COLLECTING,stomach
P06,31.8,COLLECTING,stomach
P06,32,COLLECTING,stomach
P06,32.2,COLLECTING,stomach
P06,32.4,COLLECTING,stomach
P06,32.6,COLLECTING,stomach
P06,32.8,COLLECTING,stomach
P06,33,COLLECTING,stomach
P06,33.2,COLLECTING,stomach
P06,33.4,COLLECTING,stomach
P06,33.6,COLLECTING,stomach
P06,33.8,COLLECTING,stomach
P06,34,COLLECTING,stomach
P06,34.2,COLLECTING,stomach
P06,34.4,COLLECTING,stomach
P06,34.6,COLLECTING,stomach
P06,34.8,GASTRIC_COMPATIBLE,stomach
P06,35,GASTRIC_COMPATIBLE,stomach
P06,35.2,GASTRIC_COMPATIBLE,stomach
P06,35.4,GASTRIC_COMPATIBLE,stomach
P06,35.6,GASTRIC_COMPATIBLE,stomach
P06,35.8,GASTRIC_COMPATIBLE,stomach
P06,36,GASTRIC_COMPATIBLE,stomach
P06,36.2,GASTRIC_COMPATIBLE,stomach
P06,36.4,GASTRIC_COMPATIBLE,stomach
P06,36.6,GASTRIC_COMPATIBLE,stomach
P06,36.8,GASTRIC_COMPATIBLE,stomach
P06,37,GASTRIC_COMPATIBLE,stomach
P06,37.2,GASTRIC_COMPATIBLE,stomach
P06,37.4,GASTRIC_COMPATIBLE,stomach
P06,37.6,GASTRIC_COMPATIBLE,stomach
P06,37.8,GASTRIC_COMPATIBLE,stomach
P06,38,GASTRIC_COMPATIBLE,stomach
P06,38.2,GASTRIC_COMPATIBLE,stomach
P06,38.4,GASTRIC_COMPATIBLE,stomach
P06,38.6,GASTRIC_COMPATIBLE,stomach
P06,38.8,GASTRIC_COMPATIBLE,stomach
P06,39,GASTRIC_COMPATIBLE,stomach
P06,39.2,GASTRIC_COMPATIBLE,stomach
P06,39.4,GASTRIC_COMPATIBLE,stomach
P06,39.6,GASTRIC_COMPATIBLE,stomach
P06,39.8,GASTRIC_COMPATIBLE,stomach
P06,40,GASTRIC_COMPATIBLE,stomach
P06,40.2,GASTRIC_COMPATIBLE,stomach
P06,40.4,GASTRIC_COMPATIBLE,stomach
P06,40.6,GASTRIC_COMPATIBLE,stomach
P06,40.8,GASTRIC_COMPATIBLE,stomach
P06,41,GASTRIC_COMPATIBLE,stomach
P06,41.2,GASTRIC_COMPATIBLE,stomach
P06,41.4,GASTRIC_COMPATIBLE,stomach
P06,41.6,GASTRIC_COMPATIBLE,stomach
P06,41.8,GASTRIC_COMPATIBLE,stomach
P06,42,GASTRIC_COMPATIBLE,stomach
P06,42.2,GASTRIC_COMPATIBLE,stomach
P06,42.4,GASTRIC_COMPATIBLE,stomach
P06,42.6,GASTRIC_COMPATIBLE,stomach
P06,42.8,GASTRIC_COMPATIBLE,stomach
P06,43,GASTRIC_COMPATIBLE,stomach
P06,43.2,GASTRIC_COMPATIBLE,stomach
P06,43.4,GASTRIC_COMPATIBLE,stomach
P06,43.6,GASTRIC_COMPATIBLE,stomach
P06,43.8,GASTRIC_COMPATIBLE,stomach
P06,44,GASTRIC_COMPATIBLE,stomach
P06,44.2,GASTRIC_COMPATIBLE,stomach
P06,44.4,GASTRIC_COMPATIBLE,stomach
P06,44.6,GASTRIC_COMPATIBLE,stomach
P06,44.8,GASTRIC_COMPATIBLE,stomach
P07,0,COLLECTING,stomach
P07,0.2,COLLECTING,stomach
P07,0.4,COLLECTING,stomach
P07,0.6,COLLECTING,stomach
P07,0.8,COLLECTING,stomach
P07,1,COLLECTING,stomach
P07,1.2,COLLECTING,stomach
P07,1.4,COLLECTING,stomach
P07,1.6,COLLECTING,stomach
P07,1.8,COLLECTING,stomach
P07,2,COLLECTING,stomach
P07,2.2,COLLECTING,stomach
P07,2.4,COLLECTING,stomach
P07,2.6,COLLECTING,stomach
P07,2.8,COLLECTING,stomach
P07,3,COLLECTING,stomach
P07,3.2,COLLECTING,stomach
P07,3.4,COLLECTING,stomach
P07,3.6,COLLECTING,stomach
P07,3.8,COLLECTING,stomach
P07,4,COLLECTING,stomach
P07,4.2,COLLECTING,stomach
P07,4.4,COLLECTING,stomach
P07,4.6,COLLECTING,stomach
P07,4.8,COLLECTING,stomach
P07,5,COLLECTING,stomach
P07,5.2,COLLECTING,stomach
P07,5.4,COLLECTING,stomach
P07,5.6,COLLECTING,stomach
P07,5.8,COLLECTING,stomach
P07,6,COLLECTING,stomach
P07,6.2,COLLECTING,stomach
P07,6.4,COLLECTING,stomach
P07,6.6,COLLECTING,stomach
P07,6.8,COLLECTING,stomach
P07,7,COLLECTING,stomach
P07,7.2,COLLECTING,stomach
P07,7.4,COLLECTING,stomach
P07,7.6,COLLECTING,stomach
P07,7.8,COLLECTING,stomach
P07,8,COLLECTING,stomach
P07,8.2,COLLECTING,stomach
P07,8.4,COLLECTING,stomach
P07,8.6,COLLECTING,stomach
P07,8.8,COLLECTING,stomach
P07,9,COLLECTING,stomach
P07,9.2,COLLECTING,stomach
P07,9.4,COLLECTING,stomach
P07,9.6,COLLECTING,stomach
P07,9.8,GASTRIC_COMPATIBLE,stomach
P07,10,GASTRIC_COMPATIBLE,stomach
P07,10.2,GASTRIC_COMPATIBLE,stomach
P07,10.4,GASTRIC_COMPATIBLE,stomach
P07,10.6,GASTRIC_COMPATIBLE,stomach
P07,10.8,GASTRIC_COMPATIBLE,stomach
P07,11,GASTRIC_COMPATIBLE,stomach
P07,11.2,GASTRIC_COMPATIBLE,stomach
P07,11.4,GASTRIC_COMPATIBLE,stomach
P07,11.6,GASTRIC_COMPATIBLE,stomach
P07,11.8,GASTRIC_COMPATIBLE,stomach
P07,12,GASTRIC_COMPATIBLE,stomach
P07,12.2,GASTRIC_COMPATIBLE,stomach
P07,12.4,GASTRIC_COMPATIBLE,stomach
P07,12.6,GASTRIC_COMPATIBLE,stomach
P07,12.8,GASTRIC_COMPATIBLE,stomach
P07,13,GASTRIC_COMPATIBLE,stomach
P07,13.2,GASTRIC_COMPATIBLE,stomach
P07,13.4,GASTRIC_COMPATIBLE,stomach
P07,13.6,GASTRIC_COMPATIBLE,stomach
P07,13.8,GASTRIC_COMPATIBLE,stomach
P07,14,GASTRIC_COMPATIBLE,stomach
P07,14.2,GASTRIC_COMPATIBLE,stomach
P07,14.4,GASTRIC_COMPATIBLE,stomach
P07,14.6,GASTRIC_COMPATIBLE,stomach
P07,14.8,GASTRIC_COMPATIBLE,stomach
P07,15,GASTRIC_COMPATIBLE,stomach
P07,15.2,GASTRIC_COMPATIBLE,stomach
P07,15.4,GASTRIC_COMPATIBLE,stomach
P07,15.6,GASTRIC_COMPATIBLE,stomach
P07,15.8,GASTRIC_COMPATIBLE,stomach
P07,16,GASTRIC_COMPATIBLE,stomach
P07,16.2,GASTRIC_COMPATIBLE,stomach
P07,16.4,GASTRIC_COMPATIBLE,stomach
P07,16.6,GASTRIC_COMPATIBLE,stomach
P07,16.8,GASTRIC_COMPATIBLE,stomach
P07,17,GASTRIC_COMPATIBLE,stomach
P07,17.2,GASTRIC_COMPATIBLE,stomach
P07,17.4,GASTRIC_COMPATIBLE,stomach
P07,17.6,GASTRIC_COMPATIBLE,stomach
P07,17.8,GASTRIC_COMPATIBLE,stomach
P07,18,GASTRIC_COMPATIBLE,stomach
P07,18.2,GASTRIC_COMPATIBLE,stomach
P07,18.4,GASTRIC_COMPATIBLE,stomach
P07,18.6,GASTRIC_COMPATIBLE,stomach
P07,18.8,GASTRIC_COMPATIBLE,stomach
P07,19,GASTRIC_COMPATIBLE,stomach
P07,19.2,GASTRIC_COMPATIBLE,stomach
P07,19.4,GASTRIC_COMPATIBLE,stomach
P07,19.6,GASTRIC_COMPATIBLE,stomach
P07,19.8,GASTRIC_COMPATIBLE,stomach
P07,20,INCONCLUSIVE_CO2,stomach
P07,20.2,INCONCLUSIVE_CO2,stomach
P07,20.4,INCONCLUSIVE_CO2,stomach
P07,20.6,INCONCLUSIVE_CO2,stomach
P07,20.8,INCONCLUSIVE_CO2,stomach
P07,21,INCONCLUSIVE_CO2,stomach
P07,21.2,INCONCLUSIVE_CO2,stomach
P07,21.4,INCONCLUSIVE_CO2,stomach
P07,21.6,INCONCLUSIVE_CO2,stomach
P07,21.8,INCONCLUSIVE_CO2,stomach
P07,22,INCONCLUSIVE_CO2,stomach
P07,22.2,INCONCLUSIVE_CO2,stomach
P07,22.4,INCONCLUSIVE_CO2,stomach
P07,22.6,INCONCLUSIVE_CO2,stomach
P07,22.8,INCONCLUSIVE_CO2,stomach
P07,23,INCONCLUSIVE_CO2,stomach
P07,23.2,INCONCLUSIVE_CO2,stomach
P07,23.4,INCONCLUSIVE_CO2,stomach
P07,23.6,INCONCLUSIVE_CO2,stomach
P07,23.8,INCONCLUSIVE_CO2,stomach
P07,24,INCONCLUSIVE_CO2,stomach
P07,24.2,INCONCLUSIVE_CO2,stomach
P07,24.4,INCONCLUSIVE_CO2,stomach
P07,24.6,INCONCLUSIVE_CO2,stomach
P07,24.8,INCONCLUSIVE_CO2,stomach
P07,25,INCONCLUSIVE_CO2,stomach
P07,25.2,INCONCLUSIVE_CO2,stomach
P07,25.4,INCONCLUSIVE_CO2,stomach
P07,25.6,INCONCLUSIVE_CO2,stomach
P07,25.8,INCONCLUSIVE_CO2,stomach
P07,26,INCONCLUSIVE_CO2,stomach
P07,26.2,INCONCLUSIVE_CO2,stomach
P07,26.4,INCONCLUSIVE_CO2,stomach
P07,26.6,INCONCLUSIVE_CO2,stomach
P07,26.8,INCONCLUSIVE_CO2,stomach
P07,27,INCONCLUSIVE_CO2,stomach
P07,27.2,INCONCLUSIVE_CO2,stomach
P07,27.4,INCONCLUSIVE_CO2,stomach
P07,27.6,INCONCLUSIVE_CO2,stomach
P07,27.8,INCONCLUSIVE_CO2,stomach
P07,28,INCONCLUSIVE_CO2,stomach
P07,28.2,INCONCLUSIVE_CO2,stomach
P07,28.4,INCONCLUSIVE_CO2,stomach
P07,28.6,INCONCLUSIVE_CO2,stomach
P07,28.8,INCONCLUSIVE_CO2,stomach
P07,29,INCONCLUSIVE_CO2,stomach
P07,29.2,INCONCLUSIVE_CO2,stomach
P07,29.4,INCONCLUSIVE_CO2,stomach
P07,29.6,INCONCLUSIVE_CO2,stomach
P07,29.8,INCONCLUSIVE_CO2,stomach
P07,30,INCONCLUSIVE_CO2,stomach
P07,30.2,INCONCLUSIVE_CO2,stomach
P07,30.4,GASTRIC_COMPATIBLE,stomach
P07,30.6,GASTRIC_COMPATIBLE,stomach
P07,30.8,GASTRIC_COMPATIBLE,stomach
P07,31,GASTRIC_COMPATIBLE,stomach
P07,31.2,GASTRIC_COMPATIBLE,stomach
P07,31.4,GASTRIC_COMPATIBLE,stomach
P07,31.6,GASTRIC_COMPATIBLE,stomach
P07,31.8,GASTRIC_COMPATIBLE,stomach
P07,32,GASTRIC_COMPATIBLE,stomach
P07,32.2,GASTRIC_COMPATIBLE,stomach
P07,32.4,GASTRIC_COMPATIBLE,stomach
P07,32.6,GASTRIC_COMPATIBLE,stomach
P07,32.8,GASTRIC_COMPATIBLE,stomach
P07,33,GASTRIC_COMPATIBLE,stomach
P07,33.2,GASTRIC_COMPATIBLE,stomach
P07,33.4,GASTRIC_COMPATIBLE,stomach
P07,33.6,GASTRIC_COMPATIBLE,stomach
P07,33.8,GASTRIC_COMPATIBLE,stomach
P07,34,GASTRIC_COMPATIBLE,stomach
P07,34.2,GASTRIC_COMPATIBLE,stomach
P07,34.4,GASTRIC_COMPATIBLE,stomach
P07,34.6,GASTRIC_COMPATIBLE,stomach
P07,34.8,GASTRIC_COMPATIBLE,stomach
P07,35,GASTRIC_COMPATIBLE,stomach
P07,35.2,GASTRIC_COMPATIBLE,stomach
P07,35.4,GASTRIC_COMPATIBLE,stomach
P07,35.6,GASTRIC_COMPATIBLE,stomach
P07,35.8,GASTRIC_COMPATIBLE,stomach
P07,36,GASTRIC_COMPATIBLE,stomach
P07,36.2,GASTRIC_COMPATIBLE,stomach
P07,36.4,GASTRIC_COMPATIBLE,stomach
P07,36.6,GASTRIC_COMPATIBLE,stomach
P07,36.8,GASTRIC_COMPATIBLE,stomach
P07,37,GASTRIC_COMPATIBLE,stomach
P07,37.2,GASTRIC_COMPATIBLE,stomach
P07,37.4,GASTRIC_COMPATIBLE,stomach
P07,37.6,GASTRIC_COMPATIBLE,stomach
P07,37.8,GASTRIC_COMPATIBLE,stomach
P07,38,GASTRIC_COMPATIBLE,stomach
P07,38.2,GASTRIC_COMPATIBLE,stomach
P07,38.4,GASTRIC_COMPATIBLE,stomach
P07,38.6,GASTRIC_COMPATIBLE,stomach
P07,38.8,GASTRIC_COMPATIBLE,stomach
P07,39,GASTRIC_COMPATIBLE,stomach
P07,39.2,GASTRIC_COMPATIBLE,stomach
P07,39.4,GASTRIC_COMPATIBLE,stomach
P07,39.6,GASTRIC_COMPATIBLE,stomach
P07,39.8,GASTRIC_COMPATIBLE,stomach
P07,40,GASTRIC_COMPATIBLE,stomach
P07,40.2,GASTRIC_COMPATIBLE,stomach
P07,40.4,GASTRIC_COMPATIBLE,stomach
P07,40.6,GASTRIC_COMPATIBLE,stomach
P07,40.8,GASTRIC_COMPATIBLE,stomach
P07,41,GASTRIC_COMPATIBLE,stomach
P07,41.2,GASTRIC_COMPATIBLE,stomach
P07,41.4,GASTRIC_COMPATIBLE,stomach
P07,41.6,GASTRIC_COMPATIBLE,stomach
P07,41.8,GASTRIC_COMPATIBLE,stomach
P07,42,GASTRIC_COMPATIBLE,stomach
P07,42.2,GASTRIC_COMPATIBLE,stomach
P07,42.4,GASTRIC_COMPATIBLE,stomach
P07,42.6,GASTRIC_COMPATIBLE,stomach
P07,42.8,GASTRIC_COMPATIBLE,stomach
P07,43,GASTRIC_COMPATIBLE,stomach
P07,43.2,GASTRIC_COMPATIBLE,stomach
P07,43.4,GASTRIC_COMPATIBLE,stomach
P07,43.6,GASTRIC_COMPATIBLE,stomach
P07,43.8,GASTRIC_COMPATIBLE,stomach
P07,44,GASTRIC_COMPATIBLE,stomach
P07,44.2,GASTRIC_COMPATIBLE,stomach
P07,44.4,GASTRIC_COMPATIBLE,stomach
P07,44.6,GASTRIC_COMPATIBLE,stomach
P07,44.8,GASTRIC_COMPATIBLE,stomach
P08,0,COLLECTING,airway
P08,0.2,COLLECTING,airway
P08,0.4,COLLECTING,airway
P08,0.6,COLLECTING,airway
P08,0.8,COLLECTING,airway
P08,1,COLLECTING,airway
P08,1.2,COLLECTING,airway
P08,1.4,COLLECTING,airway
P08,1.6,COLLECTING,airway
P08,1.8,COLLECTING,airway
P08,2,COLLECTING,airway
P08,2.2,COLLECTING,airway
P08,2.4,COLLECTING,airway
P08,2.6,COLLECTING,airway
P08,2.8,COLLECTING,airway
P08,3,COLLECTING,airway
P08,3.2,COLLECTING,airway
P08,3.4,COLLECTING,airway
P08,3.6,COLLECTING,airway
P08,3.8,COLLECTING,airway
P08,4,COLLECTING,airway
P08,4.2,COLLECTING,airway
P08,4.4,COLLECTING,airway
P08,4.6,COLLECTING,airway
P08,4.8,COLLECTING,airway
P08,5,COLLECTING,airway
P08,5.2,COLLECTING,airway
P08,5.4,COLLECTING,airway
P08,5.6,COLLECTING,airway
P08,5.8,COLLECTING,airway
P08,6,COLLECTING,airway
P08,6.2,COLLECTING,airway
P08,6.4,COLLECTING,airway
P08,6.6,COLLECTING,airway
P08,6.8,COLLECTING,airway
P08,7,COLLECTING,airway
P08,7.2,COLLECTING,airway
P08,7.4,COLLECTING,airway
P08,7.6,COLLECTING,airway
P08,7.8,COLLECTING,airway
P08,8,COLLECTING,airway
P08,8.2,COLLECTING,airway
P08,8.4,COLLECTING,airway
P08,8.6,COLLECTING,airway
P08,8.8,COLLECTING,airway
P08,9,COLLECTING,airway
P08,9.2,COLLECTING,airway
P08,9.4,COLLECTING,airway
P08,9.6,COLLECTING,airway
P08,9.8,POSSIBLE_AIRWAY,airway
P08,10,POSSIBLE_AIRWAY,airway
P08,10.2,POSSIBLE_AIRWAY,airway
P08,10.4,POSSIBLE_AIRWAY,airway
P08,10.6,POSSIBLE_AIRWAY,airway
P08,10.8,POSSIBLE_AIRWAY,airway
P08,11,POSSIBLE_AIRWAY,airway
P08,11.2,POSSIBLE_AIRWAY,airway
P08,11.4,POSSIBLE_AIRWAY,airway
P08,11.6,POSSIBLE_AIRWAY,airway
P08,11.8,POSSIBLE_AIRWAY,airway
P08,12,POSSIBLE_AIRWAY,airway
P08,12.2,POSSIBLE_AIRWAY,airway
P08,12.4,POSSIBLE_AIRWAY,airway
P08,12.6,POSSIBLE_AIRWAY,airway
P08,12.8,POSSIBLE_AIRWAY,airway
P08,13,POSSIBLE_AIRWAY,airway
P08,13.2,POSSIBLE_AIRWAY,airway
P08,13.4,POSSIBLE_AIRWAY,airway
P08,13.6,POSSIBLE_AIRWAY,airway
P08,13.8,POSSIBLE_AIRWAY,airway
P08,14,POSSIBLE_AIRWAY,airway
P08,14.2,POSSIBLE_AIRWAY,airway
P08,14.4,POSSIBLE_AIRWAY,airway
P08,14.6,POSSIBLE_AIRWAY,airway
P08,14.8,POSSIBLE_AIRWAY,airway
P08,15,POSSIBLE_AIRWAY,airway
P08,15.2,POSSIBLE_AIRWAY,airway
P08,15.4,POSSIBLE_AIRWAY,airway
P08,15.6,POSSIBLE_AIRWAY,airway
P08,15.8,POSSIBLE_AIRWAY,airway
P08,16,POSSIBLE_AIRWAY,airway
P08,16.2,POSSIBLE_AIRWAY,airway
P08,16.4,POSSIBLE_AIRWAY,airway
P08,16.6,POSSIBLE_AIRWAY,airway
P08,16.8,POSSIBLE_AIRWAY,airway
P08,17,POSSIBLE_AIRWAY,airway
P08,17.2,POSSIBLE_AIRWAY,airway
P08,17.4,POSSIBLE_AIRWAY,airway
P08,17.6,POSSIBLE_AIRWAY,airway
P08,17.8,POSSIBLE_AIRWAY,airway
P08,18,POSSIBLE_AIRWAY,airway
P08,18.2,POSSIBLE_AIRWAY,airway
P08,18.4,POSSIBLE_AIRWAY,airway
P08,18.6,POSSIBLE_AIRWAY,airway
P08,18.8,POSSIBLE_AIRWAY,airway
P08,19,POSSIBLE_AIRWAY,airway
P08,19.2,POSSIBLE_AIRWAY,airway
P08,19.4,POSSIBLE_AIRWAY,airway
P08,19.6,POSSIBLE_AIRWAY,airway
P08,19.8,POSSIBLE_AIRWAY,airway
P08,20,POSSIBLE_AIRWAY,airway
P08,20.2,POSSIBLE_AIRWAY,airway
P08,20.4,POSSIBLE_AIRWAY,airway
P08,20.6,POSSIBLE_AIRWAY,airway
P08,20.8,POSSIBLE_AIRWAY,airway
P08,21,POSSIBLE_AIRWAY,airway
P08,21.2,POSSIBLE_AIRWAY,airway
P08,21.4,POSSIBLE_AIRWAY,airway
P08,21.6,POSSIBLE_AIRWAY,airway
P08,21.8,POSSIBLE_AIRWAY,airway
P08,22,POSSIBLE_AIRWAY,airway
P08,22.2,POSSIBLE_AIRWAY,airway
P08,22.4,POSSIBLE_AIRWAY,airway
P08,22.6,POSSIBLE_AIRWAY,airway
P08,22.8,POSSIBLE_AIRWAY,airway
P08,23,POSSIBLE_AIRWAY,airway
P08,23.2,POSSIBLE_AIRWAY,airway
P08,23.4,POSSIBLE_AIRWAY,airway
P08,23.6,POSSIBLE_AIRWAY,airway
P08,23.8,POSSIBLE_AIRWAY,airway
P08,24,POSSIBLE_AIRWAY,airway
P08,24.2,POSSIBLE_AIRWAY,airway
P08,24.4,POSSIBLE_AIRWAY,airway
P08,24.6,POSSIBLE_AIRWAY,airway
P08,24.8,POSSIBLE_AIRWAY,airway
P08,25,POSSIBLE_AIRWAY,airway
P08,25.2,POSSIBLE_AIRWAY,airway
P08,25.4,POSSIBLE_AIRWAY,airway
P08,25.6,POSSIBLE_AIRWAY,airway
P08,25.8,POSSIBLE_AIRWAY,airway
P08,26,POSSIBLE_AIRWAY,airway
P08,26.2,POSSIBLE_AIRWAY,airway
P08,26.4,POSSIBLE_AIRWAY,airway
P08,26.6,POSSIBLE_AIRWAY,airway
P08,26.8,POSSIBLE_AIRWAY,airway
P08,27,POSSIBLE_AIRWAY,airway
P08,27.2,POSSIBLE_AIRWAY,airway
P08,27.4,POSSIBLE_AIRWAY,airway
P08,27.6,POSSIBLE_AIRWAY,airway
P08,27.8,POSSIBLE_AIRWAY,airway
P08,28,POSSIBLE_AIRWAY,airway
P08,28.2,POSSIBLE_AIRWAY,airway
P08,28.4,POSSIBLE_AIRWAY,airway
P08,28.6,POSSIBLE_AIRWAY,airway
P08,28.8,POSSIBLE_AIRWAY,airway
P08,29,POSSIBLE_AIRWAY,airway
P08,29.2,POSSIBLE_AIRWAY,airway
P08,29.4,POSSIBLE_AIRWAY,airway
P08,29.6,POSSIBLE_AIRWAY,airway
P08,29.8,POSSIBLE_AIRWAY,airway
P08,30,POSSIBLE_AIRWAY,airway
P08,30.2,POSSIBLE_AIRWAY,airway
P08,30.4,POSSIBLE_AIRWAY,airway
P08,30.6,POSSIBLE_AIRWAY,airway
P08,30.8,POSSIBLE_AIRWAY,airway
P08,31,POSSIBLE_AIRWAY,airway
P08,31.2,POSSIBLE_AIRWAY,airway
P08,31.4,POSSIBLE_AIRWAY,airway
P08,31.6,POSSIBLE_AIRWAY,airway
P08,31.8,POSSIBLE_AIRWAY,airway
P08,32,POSSIBLE_AIRWAY,airway
P08,32.2,POSSIBLE_AIRWAY,airway
P08,32.4,POSSIBLE_AIRWAY,airway
P08,32.6,POSSIBLE_AIRWAY,airway
P08,32.8,POSSIBLE_AIRWAY,airway
P08,33,POSSIBLE_AIRWAY,airway
P08,33.2,POSSIBLE_AIRWAY,airway
P08,33.4,POSSIBLE_AIRWAY,airway
P08,33.6,POSSIBLE_AIRWAY,airway
P08,33.8,POSSIBLE_AIRWAY,airway
P08,34,POSSIBLE_AIRWAY,airway
P08,34.2,POSSIBLE_AIRWAY,airway
P08,34.4,POSSIBLE_AIRWAY,airway
P08,34.6,POSSIBLE_AIRWAY,airway
P08,34.8,POSSIBLE_AIRWAY,airway
P08,35,POSSIBLE_AIRWAY,airway
P08,35.2,POSSIBLE_AIRWAY,airway
P08,35.4,POSSIBLE_AIRWAY,airway
P08,35.6,POSSIBLE_AIRWAY,airway
P08,35.8,POSSIBLE_AIRWAY,airway
P08,36,POSSIBLE_AIRWAY,airway
P08,36.2,POSSIBLE_AIRWAY,airway
P08,36.4,POSSIBLE_AIRWAY,airway
P08,36.6,POSSIBLE_AIRWAY,airway
P08,36.8,POSSIBLE_AIRWAY,airway
P08,37,POSSIBLE_AIRWAY,airway
P08,37.2,POSSIBLE_AIRWAY,airway
P08,37.4,POSSIBLE_AIRWAY,airway
P08,37.6,POSSIBLE_AIRWAY,airway
P08,37.8,POSSIBLE_AIRWAY,airway
P08,38,POSSIBLE_AIRWAY,airway
P08,38.2,POSSIBLE_AIRWAY,airway
P08,38.4,POSSIBLE_AIRWAY,airway
P08,38.6,POSSIBLE_AIRWAY,airway
P08,38.8,POSSIBLE_AIRWAY,airway
P08,39,POSSIBLE_AIRWAY,airway
P08,39.2,POSSIBLE_AIRWAY,airway
P08,39.4,POSSIBLE_AIRWAY,airway
P08,39.6,POSSIBLE_AIRWAY,airway
P08,39.8,POSSIBLE_AIRWAY,airway
P08,40,POSSIBLE_AIRWAY,airway
P08,40.2,POSSIBLE_AIRWAY,airway
P08,40.4,POSSIBLE_AIRWAY,airway
P08,40.6,POSSIBLE_AIRWAY,airway
P08,40.8,POSSIBLE_AIRWAY,airway
P08,41,POSSIBLE_AIRWAY,airway
P08,41.2,POSSIBLE_AIRWAY,airway
P08,41.4,POSSIBLE_AIRWAY,airway
P08,41.6,POSSIBLE_AIRWAY,airway
P08,41.8,POSSIBLE_AIRWAY,airway
P08,42,POSSIBLE_AIRWAY,airway
P08,42.2,POSSIBLE_AIRWAY,airway
P08,42.4,POSSIBLE_AIRWAY,airway
P08,42.6,POSSIBLE_AIRWAY,airway
P08,42.8,POSSIBLE_AIRWAY,airway
P08,43,POSSIBLE_AIRWAY,airway
P08,43.2,POSSIBLE_AIRWAY,airway
P08,43.4,POSSIBLE_AIRWAY,airway
P08,43.6,POSSIBLE_AIRWAY,airway
P08,43.8,POSSIBLE_AIRWAY,airway
P08,44,POSSIBLE_AIRWAY,airway
P08,44.2,POSSIBLE_AIRWAY,airway
P08,44.4,POSSIBLE_AIRWAY,airway
P08,44.6,POSSIBLE_AIRWAY,airway
P08,44.8,POSSIBLE_AIRWAY,airway
